vehicle_id,model_year,make,model,vehicle_class,engine_size_l,engine_size_band,cylinders,transmission_family,gear_count,fuel_type,fuel_cons_city_l_100km,fuel_cons_hwy_l_100km,fuel_cons_comb_l_100km,fuel_economy_comb_mpg,co2_emissions_g_km,co2_rating,smog_rating,class_year_co2_median,class_year_co2_p25,co2_vs_class_year_median,co2_gap_to_class_p25,above_class_year_median,emission_band,model_split,model_name,predicted_co2_g_km,prediction_error_g_km,absolute_error_g_km,absolute_percentage_error,predicted_emission_band,high_error_flag,within_class_opportunity_rank
25374,2022,BUGATTI,CHIRON SUPER SPORT,TWO-SEATER,8.0,>4.0L,16,Automated Manual,7,Premium Gasoline,30.3,20.9,26.1,11,608,1,1,284.0,245.0,324.0,363.0,1,350+,test,Random Forest (Tuned),560.253,-47.747,47.747,0.078531,350+,1,1
25373,2022,BUGATTI,CHIRON PUR SPORT,TWO-SEATER,8.0,>4.0L,16,Automated Manual,7,Premium Gasoline,30.3,20.9,26.1,11,608,1,1,284.0,245.0,324.0,363.0,1,350+,test,Random Forest (Tuned),560.253,-47.747,47.747,0.078531,350+,1,1
26329,2023,BUGATTI,CHIRON SUPER SPORT,TWO-SEATER,8.0,>4.0L,16,Automated Manual,7,Premium Gasoline,30.3,20.9,26.1,11,608,1,1,299.0,262.5,309.0,345.5,1,350+,test,Random Forest (Tuned),560.253,-47.747,47.747,0.078531,350+,1,1
26328,2023,BUGATTI,CHIRON PUR SPORT,TWO-SEATER,8.0,>4.0L,16,Automated Manual,7,Premium Gasoline,30.3,20.9,26.1,11,608,1,1,299.0,262.5,309.0,345.5,1,350+,test,Random Forest (Tuned),560.253,-47.747,47.747,0.078531,350+,1,1
25372,2022,BUGATTI,CHIRON,TWO-SEATER,8.0,>4.0L,16,Automated Manual,7,Premium Gasoline,26.8,16.6,22.2,13,522,1,1,284.0,245.0,238.0,277.0,1,350+,test,Random Forest (Tuned),560.253,38.253,38.253,0.073282,350+,1,3
26327,2023,BUGATTI,CHIRON,TWO-SEATER,8.0,>4.0L,16,Automated Manual,7,Premium Gasoline,26.8,16.6,22.2,13,522,1,1,299.0,262.5,223.0,259.5,1,350+,test,Random Forest (Tuned),560.253,38.253,38.253,0.073282,350+,1,3
25803,2022,LAMBORGHINI,AVENTADOR ULTIMAE ROADSTER,TWO-SEATER,6.5,>4.0L,12,Automated Manual,7,Premium Gasoline,26.8,15.1,21.5,13,498,1,1,284.0,245.0,214.0,253.0,1,350+,test,Random Forest (Tuned),524.405,26.405,26.405,0.053022,350+,0,4
25802,2022,LAMBORGHINI,AVENTADOR ULTIMAE COUPE,TWO-SEATER,6.5,>4.0L,12,Automated Manual,7,Premium Gasoline,26.8,15.1,21.5,13,498,1,1,284.0,245.0,214.0,253.0,1,350+,test,Random Forest (Tuned),524.405,26.405,26.405,0.053022,350+,0,4
25801,2022,LAMBORGHINI,AVENTADOR COUNTACH,TWO-SEATER,6.5,>4.0L,12,Automated Manual,7,Premium Gasoline,26.5,14.6,21.2,13,489,1,1,284.0,245.0,205.0,244.0,1,350+,test,Random Forest (Tuned),524.405,35.405,35.405,0.072403,350+,1,6
26905,2023,ROLLS-ROYCE,PHANTOM EXTENDED,FULL-SIZE,6.7,>4.0L,12,Automatic with Select Shift,8,Premium Gasoline,20.2,13.1,17.0,17,397,2,3,247.0,186.0,150.0,211.0,1,350+,test,Random Forest (Tuned),384.56,-12.44,12.44,0.031335,350+,0,1
26904,2023,ROLLS-ROYCE,PHANTOM,FULL-SIZE,6.7,>4.0L,12,Automatic with Select Shift,8,Premium Gasoline,20.2,13.1,17.0,17,397,2,3,247.0,186.0,150.0,211.0,1,350+,test,Random Forest (Tuned),384.56,-12.44,12.44,0.031335,350+,0,1
26901,2023,ROLLS-ROYCE,GHOST,FULL-SIZE,6.7,>4.0L,12,Automatic with Select Shift,8,Premium Gasoline,19.9,12.7,16.7,17,388,2,3,247.0,186.0,141.0,202.0,1,350+,test,Random Forest (Tuned),384.56,-3.44,3.44,0.008866,350+,0,3
26903,2023,ROLLS-ROYCE,GHOST EXTENDED,FULL-SIZE,6.7,>4.0L,12,Automatic with Select Shift,8,Premium Gasoline,19.9,12.7,16.7,17,388,2,3,247.0,186.0,141.0,202.0,1,350+,test,Random Forest (Tuned),384.56,-3.44,3.44,0.008866,350+,0,3
26902,2023,ROLLS-ROYCE,GHOST BLACK BADGE,FULL-SIZE,6.7,>4.0L,12,Automatic with Select Shift,8,Premium Gasoline,19.9,12.7,16.7,17,388,2,3,247.0,186.0,141.0,202.0,1,350+,test,Random Forest (Tuned),384.56,-3.44,3.44,0.008866,350+,0,3
25911,2022,MERCEDES-BENZ,AMG G 63 4X4 SQUARED,SUV - STANDARD,4.0,3.1-4.0L,8,Automatic,9,Premium Gasoline,21.5,18.7,20.2,14,470,1,3,309.0,272.0,161.0,198.0,1,350+,test,Random Forest (Tuned),340.909,-129.091,129.091,0.274662,300-349,1,1
26273,2023,BENTLEY,CONTINENTAL GTC SPEED,MINICOMPACT,6.0,>4.0L,12,Automated Manual,8,Premium Gasoline,20.3,12.9,17.0,17,395,2,3,247.0,202.5,148.0,192.5,1,350+,test,Random Forest (Tuned),370.627,-24.373,24.373,0.061704,350+,0,1
26894,2023,RAM,1500 4X4 TRX,PICKUP TRUCK - STANDARD,6.2,>4.0L,8,Automatic,8,Premium Gasoline,22.4,16.5,19.8,14,465,1,1,291.0,273.0,174.0,192.0,1,350+,test,Random Forest (Tuned),413.872,-51.128,51.128,0.109953,350+,1,1
26096,2022,ROLLS-ROYCE,GHOST,FULL-SIZE,6.7,>4.0L,12,Automatic with Select Shift,8,Premium Gasoline,19.9,12.7,16.7,17,387,2,3,276.0,195.0,111.0,192.0,1,350+,test,Random Forest (Tuned),384.56,-2.44,2.44,0.006305,350+,0,1
26097,2022,ROLLS-ROYCE,GHOST BLACK BADGE,FULL-SIZE,6.7,>4.0L,12,Automatic with Select Shift,8,Premium Gasoline,19.9,12.7,16.7,17,387,2,3,276.0,195.0,111.0,192.0,1,350+,test,Random Forest (Tuned),384.56,-2.44,2.44,0.006305,350+,0,1
26098,2022,ROLLS-ROYCE,GHOST EWB,FULL-SIZE,6.7,>4.0L,12,Automatic with Select Shift,8,Premium Gasoline,19.9,12.7,16.7,17,387,2,3,276.0,195.0,111.0,192.0,1,350+,test,Random Forest (Tuned),384.56,-2.44,2.44,0.006305,350+,0,1
26088,2022,RAM,1500 4X4 TRX,PICKUP TRUCK - STANDARD,6.2,>4.0L,8,Automatic,8,Premium Gasoline,22.4,16.5,19.8,14,465,1,1,306.0,275.0,159.0,190.0,1,350+,test,Random Forest (Tuned),413.872,-51.128,51.128,0.109953,350+,1,1
25311,2022,BENTLEY,FLYING SPUR,MID-SIZE,6.0,>4.0L,12,Automated Manual,8,Premium Gasoline,19.2,12.2,16.0,18,373,2,3,215.0,185.0,158.0,188.0,1,350+,test,Random Forest (Tuned),373.72,0.72,0.72,0.00193,350+,0,1
26275,2023,BENTLEY,FLYING SPUR SPEED,MID-SIZE,6.0,>4.0L,12,Automated Manual,8,Premium Gasoline,19.2,12.2,16.0,18,373,2,3,217.0,185.0,156.0,188.0,1,350+,test,Random Forest (Tuned),373.72,0.72,0.72,0.00193,350+,0,1
26502,2023,FORD,F-150 RAPTOR R 4X4,PICKUP TRUCK - STANDARD,5.2,>4.0L,8,Automatic with Select Shift,10,Regular Gasoline,22.8,15.9,19.7,14,460,1,5,291.0,273.0,169.0,187.0,1,350+,test,Random Forest (Tuned),304.186,-155.814,155.814,0.338726,300-349,1,2
26099,2022,ROLLS-ROYCE,PHANTOM,FULL-SIZE,6.7,>4.0L,12,Automatic with Select Shift,8,Premium Gasoline,20.0,11.8,16.3,17,382,2,3,276.0,195.0,106.0,187.0,1,350+,test,Random Forest (Tuned),384.56,2.56,2.56,0.006702,350+,0,4
26100,2022,ROLLS-ROYCE,PHANTOM EWB,FULL-SIZE,6.7,>4.0L,12,Automatic with Select Shift,8,Premium Gasoline,20.0,11.8,16.3,17,382,2,3,276.0,195.0,106.0,187.0,1,350+,test,Random Forest (Tuned),384.56,2.56,2.56,0.006702,350+,0,4
26664,2023,JEEP,WRANGLER JL UNLIMITED 4X4 392,SUV - SMALL,6.4,>4.0L,8,Automatic,8,Premium Gasoline,18.5,14.1,16.5,17,387,2,1,227.0,200.0,160.0,187.0,1,350+,test,Random Forest (Tuned),317.253,-69.747,69.747,0.180225,300-349,1,1
25775,2022,JEEP,WRANGLER JL UNLIMITED 4X4,SUV - SMALL,6.4,>4.0L,8,Automatic,8,Premium Gasoline,18.5,14.1,16.5,17,387,2,1,223.5,202.5,163.5,184.5,1,350+,test,Random Forest (Tuned),317.253,-69.747,69.747,0.180225,300-349,1,1
26351,2023,CADILLAC,CT5-V BLACKWING,MID-SIZE,6.2,>4.0L,8,Manual,6,Premium Gasoline,18.4,11.4,15.2,19,368,2,3,217.0,185.0,151.0,183.0,1,350+,test,Random Forest (Tuned),342.876,-25.124,25.124,0.068272,300-349,0,2
26435,2023,DODGE,CHARGER SRT HELLCAT WIDEBODY,FULL-SIZE,6.2,>4.0L,8,Automatic,8,Premium Gasoline,19.0,11.5,15.6,18,368,2,1,247.0,186.0,121.0,182.0,1,350+,test,Random Forest (Tuned),363.087,-4.913,4.913,0.013351,350+,0,6
25600,2022,FORD,SHELBY GT500 MUSTANG,SUBCOMPACT,5.2,>4.0L,8,Automated Manual,7,Premium Gasoline,19.9,12.7,16.7,17,392,2,3,242.0,211.0,150.0,181.0,1,350+,test,Random Forest (Tuned),381.455,-10.545,10.545,0.026901,350+,0,1
25945,2022,MERCEDES-BENZ,MAYBACH S 680 4MATIC SEDAN,FULL-SIZE,6.0,>4.0L,12,Automatic,9,Premium Gasoline,19.4,11.2,15.7,18,369,2,3,276.0,195.0,93.0,174.0,1,350+,test,Random Forest (Tuned),352.587,-16.413,16.413,0.04448,350+,0,6
25506,2022,DODGE,CHALLENGER SRT HELLCAT WIDEBODY,MID-SIZE,6.2,>4.0L,8,Automatic,8,Premium Gasoline,18.6,11.3,15.3,18,359,2,1,215.0,185.0,144.0,174.0,1,350+,test,Random Forest (Tuned),348.499,-10.501,10.501,0.029251,300-349,0,2
26428,2023,DODGE,CHALLENGER SRT HELLCAT WIDEBODY,MID-SIZE,6.2,>4.0L,8,Automatic,8,Premium Gasoline,18.6,11.4,15.4,18,359,2,1,217.0,185.0,142.0,174.0,1,350+,test,Random Forest (Tuned),348.499,-10.501,10.501,0.029251,300-349,0,3
25513,2022,DODGE,CHARGER SRT HELLCAT WIDEBODY,FULL-SIZE,6.2,>4.0L,8,Automatic,8,Premium Gasoline,19.0,11.5,15.6,18,368,2,1,276.0,195.0,92.0,173.0,1,350+,test,Random Forest (Tuned),363.087,-4.913,4.913,0.013351,350+,0,7
25399,2022,CADILLAC,CT5-V BLACKWING,MID-SIZE,6.2,>4.0L,8,Manual,6,Premium Gasoline,18.3,11.4,15.2,19,356,3,3,215.0,185.0,141.0,171.0,1,350+,test,Random Forest (Tuned),342.876,-13.124,13.124,0.036865,300-349,0,3
25307,2022,BENTLEY,CONTINENTAL GT SPEED,SUBCOMPACT,6.0,>4.0L,12,Automated Manual,8,Premium Gasoline,19.6,12.0,16.2,17,379,2,3,242.0,211.0,137.0,168.0,1,350+,test,Random Forest (Tuned),367.267,-11.733,11.733,0.030958,350+,0,2
25505,2022,DODGE,CHALLENGER SRT HELLCAT,MID-SIZE,6.2,>4.0L,8,Manual,6,Premium Gasoline,18.1,11.4,15.1,19,352,3,1,215.0,185.0,137.0,167.0,1,350+,test,Random Forest (Tuned),351.92,-0.08,0.08,0.000227,350+,0,4
25507,2022,DODGE,CHALLENGER SRT HELLCAT WIDEBODY,MID-SIZE,6.2,>4.0L,8,Manual,6,Premium Gasoline,18.1,11.4,15.1,19,352,3,1,215.0,185.0,137.0,167.0,1,350+,test,Random Forest (Tuned),351.92,-0.08,0.08,0.000227,350+,0,4
26429,2023,DODGE,CHALLENGER SRT HELLCAT WIDEBODY,MID-SIZE,6.2,>4.0L,8,Manual,6,Premium Gasoline,18.1,11.4,15.1,19,352,3,1,217.0,185.0,135.0,167.0,1,350+,test,Random Forest (Tuned),351.92,-0.08,0.08,0.000227,350+,0,4
26427,2023,DODGE,CHALLENGER SRT HELLCAT,MID-SIZE,6.2,>4.0L,8,Manual,6,Premium Gasoline,18.1,11.4,15.1,19,352,3,1,217.0,185.0,135.0,167.0,1,350+,test,Random Forest (Tuned),351.92,-0.08,0.08,0.000227,350+,0,4
26271,2023,BENTLEY,CONTINENTAL GT SPEED,SUBCOMPACT,6.0,>4.0L,12,Automated Manual,8,Premium Gasoline,19.6,12.0,16.2,17,379,2,3,242.0,213.0,137.0,166.0,1,350+,test,Random Forest (Tuned),367.267,-11.733,11.733,0.030958,350+,0,1
26354,2023,CADILLAC,ESCALADE-V AWD,SUV - STANDARD,6.2,>4.0L,8,Automatic with Select Shift,10,Premium Gasoline,21.6,14.9,18.6,15,436,1,3,302.0,271.5,134.0,164.5,1,350+,test,Random Forest (Tuned),370.176,-65.824,65.824,0.150972,350+,1,1
25865,2022,MASERATI,GHIBLI TROFEO,MID-SIZE,3.8,3.1-4.0L,8,Automatic,8,Premium Gasoline,17.4,11.9,14.9,19,348,3,1,215.0,185.0,133.0,163.0,1,300-349,test,Random Forest (Tuned),339.184,-8.816,8.816,0.025333,300-349,0,6
26750,2023,MASERATI,GHIBLI TROFEO,MID-SIZE,3.8,3.1-4.0L,8,Automatic,8,Premium Gasoline,17.4,11.9,14.9,19,348,3,1,217.0,185.0,131.0,163.0,1,300-349,test,Random Forest (Tuned),339.184,-8.816,8.816,0.025333,300-349,0,6
26350,2023,CADILLAC,CT5-V BLACKWING,MID-SIZE,6.2,>4.0L,8,Automatic with Select Shift,10,Premium Gasoline,17.9,11.0,14.8,19,347,3,3,217.0,185.0,130.0,162.0,1,300-349,test,Random Forest (Tuned),333.644,-13.356,13.356,0.03849,300-349,0,7
26763,2023,MASERATI,QUATTROPORTE TROFEO,FULL-SIZE,3.8,3.1-4.0L,8,Automatic,8,Premium Gasoline,17.4,11.9,14.9,19,348,3,1,247.0,186.0,101.0,162.0,1,300-349,test,Random Forest (Tuned),337.986,-10.014,10.014,0.028776,300-349,0,7
25398,2022,CADILLAC,CT5-V BLACKWING,MID-SIZE,6.2,>4.0L,8,Automatic with Select Shift,10,Premium Gasoline,18.1,10.7,14.8,19,346,3,3,215.0,185.0,131.0,161.0,1,300-349,test,Random Forest (Tuned),333.644,-12.356,12.356,0.035711,300-349,0,7
25339,2022,BMW,M760I XDRIVE SEDAN,FULL-SIZE,6.6,>4.0L,12,Automatic with Select Shift,8,Premium Gasoline,17.8,11.9,15.1,19,354,3,3,276.0,195.0,78.0,159.0,1,350+,test,Random Forest (Tuned),354.922,0.922,0.922,0.002605,350+,0,8
26899,2023,ROLLS-ROYCE,CULLINAN,STATION WAGON - MID-SIZE,6.7,>4.0L,12,Automatic with Select Shift,8,Premium Gasoline,20.1,12.4,16.6,17,389,2,3,241.5,231.5,147.5,157.5,1,350+,test,Random Forest (Tuned),386.064,-2.936,2.936,0.007548,350+,0,1
26900,2023,ROLLS-ROYCE,CULLINAN BLACK BADGE,STATION WAGON - MID-SIZE,6.7,>4.0L,12,Automatic with Select Shift,8,Premium Gasoline,20.1,12.4,16.6,17,389,2,3,241.5,231.5,147.5,157.5,1,350+,test,Random Forest (Tuned),386.064,-2.936,2.936,0.007548,350+,0,1
25504,2022,DODGE,CHALLENGER SRT HELLCAT,MID-SIZE,6.2,>4.0L,8,Automatic,8,Premium Gasoline,17.6,10.7,14.5,19,339,3,1,215.0,185.0,124.0,154.0,1,300-349,test,Random Forest (Tuned),348.499,9.499,9.499,0.028021,300-349,0,8
26426,2023,DODGE,CHALLENGER SRT HELLCAT,MID-SIZE,6.2,>4.0L,8,Automatic,8,Premium Gasoline,17.6,10.7,14.5,19,339,3,1,217.0,185.0,122.0,154.0,1,300-349,test,Random Forest (Tuned),348.499,9.499,9.499,0.028021,300-349,0,8
26095,2022,ROLLS-ROYCE,CULLINAN BLACK BADGE,STATION WAGON - MID-SIZE,6.7,>4.0L,12,Automatic with Select Shift,8,Premium Gasoline,20.1,12.1,16.5,17,386,2,3,253.5,232.75,132.5,153.25,1,350+,test,Random Forest (Tuned),386.064,0.064,0.064,0.000166,350+,0,1
26094,2022,ROLLS-ROYCE,CULLINAN,STATION WAGON - MID-SIZE,6.7,>4.0L,12,Automatic with Select Shift,8,Premium Gasoline,20.1,12.1,16.5,17,386,2,3,253.5,232.75,132.5,153.25,1,350+,test,Random Forest (Tuned),386.064,0.064,0.064,0.000166,350+,0,1
25874,2022,MASERATI,QUATTROPORTE TROFEO,FULL-SIZE,3.8,3.1-4.0L,8,Automatic,8,Premium Gasoline,17.4,11.9,14.9,19,348,3,1,276.0,195.0,72.0,153.0,1,300-349,test,Random Forest (Tuned),337.986,-10.014,10.014,0.028776,300-349,0,9
25579,2022,FORD,GT,TWO-SEATER,3.5,3.1-4.0L,6,Automated Manual,7,Premium Gasoline,19.9,12.8,16.7,17,395,2,3,284.0,245.0,111.0,150.0,1,350+,test,Random Forest (Tuned),393.345,-1.655,1.655,0.00419,350+,0,7
25420,2022,CHEVROLET,CAMARO ZL1,SUBCOMPACT,6.2,>4.0L,8,Automatic with Select Shift,10,Premium Gasoline,18.3,11.2,15.1,19,355,3,1,242.0,211.0,113.0,144.0,1,350+,test,Random Forest (Tuned),316.726,-38.274,38.274,0.107814,300-349,1,3
26250,2023,AUDI,RS 7 SPORTBACK QUATTRO,MID-SIZE,4.0,3.1-4.0L,8,Automatic with Select Shift,8,Premium Gasoline,16.4,11.1,14.1,20,328,3,3,217.0,185.0,111.0,143.0,1,300-349,test,Random Forest (Tuned),315.598,-12.402,12.402,0.037811,300-349,0,9
26371,2023,CHEVROLET,CAMARO ZL1,SUBCOMPACT,6.2,>4.0L,8,Automatic with Select Shift,10,Premium Gasoline,18.3,11.2,15.1,19,355,3,1,242.0,213.0,113.0,142.0,1,350+,test,Random Forest (Tuned),316.726,-38.274,38.274,0.107814,300-349,1,2
25500,2022,DODGE,CHALLENGER,MID-SIZE,6.4,>4.0L,8,Manual,6,Premium Gasoline,16.7,10.4,13.9,20,325,3,1,215.0,185.0,110.0,140.0,1,300-349,test,Random Forest (Tuned),325.297,0.297,0.297,0.000914,300-349,0,9
25503,2022,DODGE,CHALLENGER WIDEBODY,MID-SIZE,6.4,>4.0L,8,Manual,6,Premium Gasoline,16.7,10.4,13.9,20,325,3,1,215.0,185.0,110.0,140.0,1,300-349,test,Random Forest (Tuned),325.297,0.297,0.297,0.000914,300-349,0,9
25910,2022,MERCEDES-BENZ,AMG G 63 SUV,SUV - STANDARD,4.0,3.1-4.0L,8,Automatic,9,Premium Gasoline,19.3,15.6,17.6,16,412,1,3,309.0,272.0,103.0,140.0,1,350+,test,Random Forest (Tuned),340.909,-71.091,71.091,0.172551,300-349,1,2
26425,2023,DODGE,CHALLENGER WIDEBODY,MID-SIZE,6.4,>4.0L,8,Manual,6,Premium Gasoline,16.7,10.4,13.9,20,325,3,1,217.0,185.0,108.0,140.0,1,300-349,test,Random Forest (Tuned),325.297,0.297,0.297,0.000914,300-349,0,10
26422,2023,DODGE,CHALLENGER,MID-SIZE,6.4,>4.0L,8,Manual,6,Premium Gasoline,16.7,10.4,13.9,20,325,3,1,217.0,185.0,108.0,140.0,1,300-349,test,Random Forest (Tuned),325.297,0.297,0.297,0.000914,300-349,0,10
26298,2023,BMW,M5 COMPETITION SEDAN,MID-SIZE,4.4,>4.0L,8,Automatic with Select Shift,8,Premium Gasoline,16.1,11.1,13.8,20,324,3,3,217.0,185.0,107.0,139.0,1,300-349,test,Random Forest (Tuned),307.764,-16.236,16.236,0.050111,300-349,0,12
26297,2023,BMW,M5 SEDAN,MID-SIZE,4.4,>4.0L,8,Automatic with Select Shift,8,Premium Gasoline,16.1,11.1,13.8,20,324,3,3,217.0,185.0,107.0,139.0,1,300-349,test,Random Forest (Tuned),307.764,-16.236,16.236,0.050111,300-349,0,12
26439,2023,DODGE,DURANGO AWD SRT HELLCAT,SUV - STANDARD,6.2,>4.0L,8,Automatic,8,Premium Gasoline,20.5,13.8,17.4,16,410,1,1,302.0,271.5,108.0,138.5,1,350+,test,Random Forest (Tuned),392.484,-17.516,17.516,0.042722,350+,0,2
25421,2022,CHEVROLET,CAMARO ZL1,SUBCOMPACT,6.2,>4.0L,8,Manual,6,Premium Gasoline,17.2,12.0,14.9,19,349,3,1,242.0,211.0,107.0,138.0,1,300-349,test,Random Forest (Tuned),323.061,-25.939,25.939,0.074324,300-349,0,4
25310,2022,BENTLEY,FLYING SPUR,MID-SIZE,4.0,3.1-4.0L,8,Automated Manual,8,Premium Gasoline,15.5,11.6,13.7,21,323,3,3,215.0,185.0,108.0,138.0,1,300-349,test,Random Forest (Tuned),317.188,-5.812,5.812,0.017994,300-349,0,11
25335,2022,BMW,M5 SEDAN,MID-SIZE,4.4,>4.0L,8,Automatic with Select Shift,8,Premium Gasoline,16.1,11.0,13.8,20,322,3,3,215.0,185.0,107.0,137.0,1,300-349,test,Random Forest (Tuned),307.764,-14.236,14.236,0.044211,300-349,0,12
25336,2022,BMW,M5 COMPETITION,MID-SIZE,4.4,>4.0L,8,Automatic with Select Shift,8,Premium Gasoline,16.1,11.0,13.8,20,322,3,3,215.0,185.0,107.0,137.0,1,300-349,test,Random Forest (Tuned),307.764,-14.236,14.236,0.044211,300-349,0,12
25337,2022,BMW,M5 CS,MID-SIZE,4.4,>4.0L,8,Automatic with Select Shift,8,Premium Gasoline,16.1,11.0,13.8,20,322,3,3,215.0,185.0,107.0,137.0,1,300-349,test,Random Forest (Tuned),307.764,-14.236,14.236,0.044211,300-349,0,12
25344,2022,BMW,M8 GRAN COUPE,MID-SIZE,4.4,>4.0L,8,Automatic with Select Shift,8,Premium Gasoline,16.1,11.0,13.8,20,322,3,3,215.0,185.0,107.0,137.0,1,300-349,test,Random Forest (Tuned),307.764,-14.236,14.236,0.044211,300-349,0,12
25345,2022,BMW,M8 GRAN COUPE COMPETITION,MID-SIZE,4.4,>4.0L,8,Automatic with Select Shift,8,Premium Gasoline,16.1,11.0,13.8,20,322,3,3,215.0,185.0,107.0,137.0,1,300-349,test,Random Forest (Tuned),307.764,-14.236,14.236,0.044211,300-349,0,12
26372,2023,CHEVROLET,CAMARO ZL1,SUBCOMPACT,6.2,>4.0L,8,Manual,6,Premium Gasoline,17.2,12.0,14.9,19,349,3,1,242.0,213.0,107.0,136.0,1,300-349,test,Random Forest (Tuned),323.061,-25.939,25.939,0.074324,300-349,0,3
26445,2023,FORD,BRONCO BADLANDS 4WD,SUV - SMALL,2.3,2.1-3.0L,4,Manual,7,Regular Gasoline,14.7,13.8,14.3,20,336,3,5,227.0,200.0,109.0,136.0,1,300-349,test,Random Forest (Tuned),299.72,-36.28,36.28,0.107976,250-299,1,2
26302,2023,BMW,M8 COMPETITION GRAN COUPE,MID-SIZE,4.4,>4.0L,8,Automatic with Select Shift,8,Premium Gasoline,16.1,10.9,13.7,21,321,3,3,217.0,185.0,104.0,136.0,1,300-349,test,Random Forest (Tuned),307.764,-13.236,13.236,0.041234,300-349,0,14
26274,2023,BENTLEY,FLYING SPUR,MID-SIZE,4.0,3.1-4.0L,8,Automated Manual,8,Premium Gasoline,15.9,10.8,13.6,21,319,3,3,217.0,185.0,102.0,134.0,1,300-349,test,Random Forest (Tuned),317.188,-1.812,1.812,0.00568,300-349,0,15
25522,2022,FORD,BRONCO BADLANDS 4WD,SUV - SMALL,2.3,2.1-3.0L,4,Manual,7,Regular Gasoline,14.9,13.5,14.3,20,336,3,5,223.5,202.5,112.5,133.5,1,300-349,test,Random Forest (Tuned),299.72,-36.28,36.28,0.107976,250-299,1,2
26075,2022,PORSCHE,PANAMERA TURBO S,FULL-SIZE,4.0,3.1-4.0L,8,Automated Manual,8,Premium Gasoline,15.3,11.2,13.5,21,326,3,3,276.0,195.0,50.0,131.0,1,300-349,test,Random Forest (Tuned),324.601,-1.399,1.399,0.004291,300-349,0,10
26076,2022,PORSCHE,PANAMERA TURBO S EXECUTIVE,FULL-SIZE,4.0,3.1-4.0L,8,Automated Manual,8,Premium Gasoline,15.3,11.2,13.5,21,326,3,3,276.0,195.0,50.0,131.0,1,300-349,test,Random Forest (Tuned),324.601,-1.399,1.399,0.004291,300-349,0,10
26077,2022,PORSCHE,PANAMERA TURBO S ST,FULL-SIZE,4.0,3.1-4.0L,8,Automated Manual,8,Premium Gasoline,15.3,11.2,13.5,21,326,3,3,276.0,195.0,50.0,131.0,1,300-349,test,Random Forest (Tuned),324.601,-1.399,1.399,0.004291,300-349,0,10
26446,2023,FORD,BRONCO BADLANDS 4WD,SUV - SMALL,2.7,2.1-3.0L,6,Automatic with Select Shift,10,Regular Gasoline,14.1,14.1,14.1,20,331,3,5,227.0,200.0,104.0,131.0,1,300-349,test,Random Forest (Tuned),305.711,-25.289,25.289,0.076402,300-349,0,3
26453,2023,FORD,BRONCO SASQUATCH 4WD,SUV - SMALL,2.7,2.1-3.0L,6,Automatic with Select Shift,10,Regular Gasoline,14.1,14.1,14.1,20,331,3,5,227.0,200.0,104.0,131.0,1,300-349,test,Random Forest (Tuned),305.711,-25.289,25.289,0.076402,300-349,0,3
26343,2023,CADILLAC,CT4-V BLACKWING,COMPACT,3.6,3.1-4.0L,6,Manual,6,Premium Gasoline,15.2,10.2,13.0,22,303,4,5,205.0,172.5,98.0,130.5,1,300-349,test,Random Forest (Tuned),291.541,-11.459,11.459,0.037818,250-299,0,1
25287,2022,AUDI,RS 7 SPORTBACK QUATTRO,MID-SIZE,4.0,3.1-4.0L,8,Automatic with Select Shift,8,Premium Gasoline,16.0,10.5,13.5,21,315,3,3,215.0,185.0,100.0,130.0,1,300-349,test,Random Forest (Tuned),315.598,0.598,0.598,0.001898,300-349,0,17
26528,2023,FORD,MUSTANG MACH 1,SUBCOMPACT,5.0,>4.0L,8,Manual,6,Regular Gasoline,17.3,11.3,14.6,19,343,3,5,242.0,213.0,101.0,130.0,1,300-349,test,Random Forest (Tuned),319.063,-23.937,23.937,0.069787,300-349,0,4
26375,2023,CHEVROLET,CORVETTE Z06 CARBON AERO,TWO-SEATER,5.5,>4.0L,8,Automatic with Select Shift,8,Premium Gasoline,20.0,12.7,16.7,17,392,2,3,299.0,262.5,93.0,129.5,1,350+,test,Random Forest (Tuned),294.023,-97.977,97.977,0.249941,250-299,1,4
26448,2023,FORD,BRONCO BLACK DIAMOND 4WD,SUV - SMALL,2.3,2.1-3.0L,4,Manual,7,Regular Gasoline,14.7,13.1,14.0,20,329,3,5,227.0,200.0,102.0,129.0,1,300-349,test,Random Forest (Tuned),299.72,-29.28,29.28,0.088997,250-299,1,5
26452,2023,FORD,BRONCO SASQUATCH 4WD,SUV - SMALL,2.3,2.1-3.0L,4,Manual,7,Regular Gasoline,14.7,13.1,14.0,20,329,3,5,227.0,200.0,102.0,129.0,1,300-349,test,Random Forest (Tuned),299.72,-29.28,29.28,0.088997,250-299,1,5
25523,2022,FORD,BRONCO BADLANDS 4WD,SUV - SMALL,2.7,2.1-3.0L,6,Automatic with Select Shift,10,Regular Gasoline,14.1,14.1,14.1,20,331,3,6,223.5,202.5,107.5,128.5,1,300-349,test,Random Forest (Tuned),305.711,-25.289,25.289,0.076402,300-349,0,3
25529,2022,FORD,BRONCO SASQUATCH 4WD,SUV - SMALL,2.7,2.1-3.0L,6,Automatic with Select Shift,10,Regular Gasoline,14.1,14.1,14.1,20,331,3,6,223.5,202.5,107.5,128.5,1,300-349,test,Random Forest (Tuned),305.711,-25.289,25.289,0.076402,300-349,0,3
26073,2022,PORSCHE,PANAMERA GTS,FULL-SIZE,4.0,3.1-4.0L,8,Automated Manual,8,Premium Gasoline,15.7,11.2,13.7,21,323,3,3,276.0,195.0,47.0,128.0,1,300-349,test,Random Forest (Tuned),324.601,1.601,1.601,0.004957,300-349,0,13
26074,2022,PORSCHE,PANAMERA GTS ST,FULL-SIZE,4.0,3.1-4.0L,8,Automated Manual,8,Premium Gasoline,15.7,11.8,13.9,20,323,3,3,276.0,195.0,47.0,128.0,1,300-349,test,Random Forest (Tuned),324.601,1.601,1.601,0.004957,300-349,0,13
25296,2022,AUDI,S8 SEDAN QUATTRO,FULL-SIZE,4.0,3.1-4.0L,8,Automatic with Select Shift,8,Premium Gasoline,16.9,10.2,13.8,20,323,3,3,276.0,195.0,47.0,128.0,1,300-349,test,Random Forest (Tuned),322.197,-0.803,0.803,0.002486,300-349,0,13
25596,2022,FORD,MUSTANG MACH 1,SUBCOMPACT,5.0,>4.0L,8,Manual,6,Regular Gasoline,17.1,11.2,14.5,19,339,3,3,242.0,211.0,97.0,128.0,1,300-349,test,Random Forest (Tuned),319.063,-19.937,19.937,0.058811,300-349,0,5
26259,2023,AUDI,S8 SEDAN QUATTRO,FULL-SIZE,4.0,3.1-4.0L,8,Automatic with Select Shift,8,Premium Gasoline,15.9,10.3,13.4,21,313,4,3,247.0,186.0,66.0,127.0,1,300-349,test,Random Forest (Tuned),322.197,9.197,9.197,0.029383,300-349,0,8
25806,2022,LAMBORGHINI,HURACAN EVO SPYDER,TWO-SEATER,5.2,>4.0L,10,Automated Manual,7,Premium Gasoline,18.0,12.9,15.7,18,371,2,1,284.0,245.0,87.0,126.0,1,350+,test,Random Forest (Tuned),370.403,-0.597,0.597,0.001609,350+,0,8
25804,2022,LAMBORGHINI,HURACAN EVO COUPE,TWO-SEATER,5.2,>4.0L,10,Automated Manual,7,Premium Gasoline,18.0,12.9,15.7,18,371,2,1,284.0,245.0,87.0,126.0,1,350+,test,Random Forest (Tuned),370.403,-0.597,0.597,0.001609,350+,0,8
25807,2022,LAMBORGHINI,HURACAN EVO SPYDER AWD,TWO-SEATER,5.2,>4.0L,10,Automated Manual,7,Premium Gasoline,18.0,12.9,15.7,18,370,2,1,284.0,245.0,86.0,125.0,1,350+,test,Random Forest (Tuned),370.403,0.403,0.403,0.001089,350+,0,10
25805,2022,LAMBORGHINI,HURACAN EVO COUPE AWD,TWO-SEATER,5.2,>4.0L,10,Automated Manual,7,Premium Gasoline,18.0,12.9,15.7,18,370,2,1,284.0,245.0,86.0,125.0,1,350+,test,Random Forest (Tuned),370.403,0.403,0.403,0.001089,350+,0,10
25391,2022,CADILLAC,CT4-V BLACKWING,COMPACT,3.6,3.1-4.0L,6,Manual,6,Premium Gasoline,15.2,10.2,13.0,22,303,3,5,201.0,178.25,102.0,124.75,1,300-349,test,Random Forest (Tuned),291.541,-11.459,11.459,0.037818,250-299,0,1
26342,2023,CADILLAC,CT4-V BLACKWING,COMPACT,3.6,3.1-4.0L,6,Automatic with Select Shift,10,Premium Gasoline,15.0,9.7,12.6,22,297,4,5,205.0,172.5,92.0,124.5,1,250-299,test,Random Forest (Tuned),281.177,-15.823,15.823,0.053276,250-299,0,2
26444,2023,FORD,BRONCO BADLANDS 4WD,SUV - SMALL,2.3,2.1-3.0L,4,Automatic with Select Shift,10,Regular Gasoline,13.8,13.8,13.8,20,324,3,5,227.0,200.0,97.0,124.0,1,300-349,test,Random Forest (Tuned),297.455,-26.545,26.545,0.081929,250-299,0,7
26289,2023,BMW,M3 COMPETITION M XDRIVE SEDAN,COMPACT,3.0,2.1-3.0L,6,Automatic with Select Shift,8,Premium Gasoline,14.6,10.5,12.7,22,296,4,5,205.0,172.5,91.0,123.5,1,250-299,test,Random Forest (Tuned),219.811,-76.189,76.189,0.257395,200-249,1,3
26308,2023,BMW,X3 M,SUV - SMALL,3.0,2.1-3.0L,6,Automatic with Select Shift,8,Premium Gasoline,15.7,11.7,13.9,20,323,3,3,227.0,200.0,96.0,123.0,1,300-349,test,Random Forest (Tuned),304.695,-18.305,18.305,0.056672,300-349,0,8
26309,2023,BMW,X3 M COMPETITION,SUV - SMALL,3.0,2.1-3.0L,6,Automatic with Select Shift,8,Premium Gasoline,15.7,11.7,13.9,20,323,3,3,227.0,200.0,96.0,123.0,1,300-349,test,Random Forest (Tuned),304.695,-18.305,18.305,0.056672,300-349,0,8
26312,2023,BMW,X4 M,SUV - SMALL,3.0,2.1-3.0L,6,Automatic with Select Shift,8,Premium Gasoline,15.7,11.7,13.9,20,323,3,3,227.0,200.0,96.0,123.0,1,300-349,test,Random Forest (Tuned),304.695,-18.305,18.305,0.056672,300-349,0,8
26313,2023,BMW,X4 M COMPETITION,SUV - SMALL,3.0,2.1-3.0L,6,Automatic with Select Shift,8,Premium Gasoline,15.7,11.7,13.9,20,323,3,3,227.0,200.0,96.0,123.0,1,300-349,test,Random Forest (Tuned),304.695,-18.305,18.305,0.056672,300-349,0,8
25498,2022,DODGE,CHALLENGER,MID-SIZE,5.7,>4.0L,8,Manual,6,Premium Gasoline,15.6,10.1,13.1,22,307,3,1,215.0,185.0,92.0,122.0,1,300-349,test,Random Forest (Tuned),308.015,1.015,1.015,0.003306,300-349,0,18
25309,2022,BENTLEY,CONTINENTAL GT CONVERTIBLE SPEED,MINICOMPACT,6.0,>4.0L,12,Automated Manual,8,Premium Gasoline,20.3,12.9,17.0,17,395,2,3,278.0,273.0,117.0,122.0,1,350+,test,Random Forest (Tuned),370.627,-24.373,24.373,0.061704,350+,0,1
26424,2023,DODGE,CHALLENGER WIDEBODY (MDS),MID-SIZE,6.4,>4.0L,8,Automatic,8,Premium Gasoline,15.9,9.6,13.1,22,307,4,1,217.0,185.0,90.0,122.0,1,300-349,test,Random Forest (Tuned),306.223,-0.777,0.777,0.002531,300-349,0,16
26421,2023,DODGE,CHALLENGER (MDS),MID-SIZE,6.4,>4.0L,8,Automatic,8,Premium Gasoline,15.9,9.6,13.1,22,307,4,1,217.0,185.0,90.0,122.0,1,300-349,test,Random Forest (Tuned),306.223,-0.777,0.777,0.002531,300-349,0,16
26420,2023,DODGE,CHALLENGER,MID-SIZE,5.7,>4.0L,8,Manual,6,Premium Gasoline,15.6,10.1,13.1,22,307,4,1,217.0,185.0,90.0,122.0,1,300-349,test,Random Forest (Tuned),308.015,1.015,1.015,0.003306,300-349,0,16
26218,2023,ASTON MARTIN,DBS V12,MINICOMPACT,5.2,>4.0L,12,Automatic,8,Premium Gasoline,16.4,10.7,13.8,20,324,3,3,247.0,202.5,77.0,121.5,1,300-349,test,Random Forest (Tuned),318.16,-5.84,5.84,0.018025,300-349,0,2
26217,2023,ASTON MARTIN,DB11 V12,MINICOMPACT,5.2,>4.0L,12,Automatic,8,Premium Gasoline,16.4,10.7,13.8,20,324,3,3,247.0,202.5,77.0,121.5,1,300-349,test,Random Forest (Tuned),318.16,-5.84,5.84,0.018025,300-349,0,2
26434,2023,DODGE,CHARGER WIDEBODY (MDS),FULL-SIZE,6.4,>4.0L,8,Automatic,8,Premium Gasoline,15.9,9.6,13.1,22,307,4,1,247.0,186.0,60.0,121.0,1,300-349,test,Random Forest (Tuned),306.69,-0.31,0.31,0.00101,300-349,0,9
26432,2023,DODGE,CHARGER (MDS),FULL-SIZE,6.4,>4.0L,8,Automatic,8,Premium Gasoline,15.9,9.6,13.1,22,307,4,1,247.0,186.0,60.0,121.0,1,300-349,test,Random Forest (Tuned),306.69,-0.31,0.31,0.00101,300-349,0,9
26414,2023,CHRYSLER,300C,FULL-SIZE,6.4,>4.0L,8,Automatic,8,Premium Gasoline,15.9,9.6,13.1,22,307,4,1,247.0,186.0,60.0,121.0,1,300-349,test,Random Forest (Tuned),310.279,3.279,3.279,0.010681,300-349,0,9
26288,2023,BMW,M3 SEDAN,COMPACT,3.0,2.1-3.0L,6,Manual,6,Premium Gasoline,14.7,10.1,12.6,22,293,4,5,205.0,172.5,88.0,120.5,1,250-299,test,Random Forest (Tuned),265.697,-27.303,27.303,0.093184,250-299,1,4
25521,2022,FORD,BRONCO BADLANDS 4WD,SUV - SMALL,2.3,2.1-3.0L,4,Automatic with Select Shift,10,Regular Gasoline,13.5,14.0,13.7,21,323,3,5,223.5,202.5,99.5,120.5,1,300-349,test,Random Forest (Tuned),297.455,-25.545,25.545,0.079087,250-299,0,5
25353,2022,BMW,X3 M,SUV - SMALL,3.0,2.1-3.0L,6,Automatic with Select Shift,8,Premium Gasoline,15.7,11.7,13.9,20,323,3,3,223.5,202.5,99.5,120.5,1,300-349,test,Random Forest (Tuned),304.695,-18.305,18.305,0.056672,300-349,0,5
25354,2022,BMW,X3 M COMPETITION,SUV - SMALL,3.0,2.1-3.0L,6,Automatic with Select Shift,8,Premium Gasoline,15.7,11.7,13.9,20,323,3,3,223.5,202.5,99.5,120.5,1,300-349,test,Random Forest (Tuned),304.695,-18.305,18.305,0.056672,300-349,0,5
25357,2022,BMW,X4 M,SUV - SMALL,3.0,2.1-3.0L,6,Automatic with Select Shift,8,Premium Gasoline,15.7,11.7,13.9,20,323,3,3,223.5,202.5,99.5,120.5,1,300-349,test,Random Forest (Tuned),304.695,-18.305,18.305,0.056672,300-349,0,5
25358,2022,BMW,X4 M COMPETITION,SUV - SMALL,3.0,2.1-3.0L,6,Automatic with Select Shift,8,Premium Gasoline,15.7,11.7,13.9,20,323,3,3,223.5,202.5,99.5,120.5,1,300-349,test,Random Forest (Tuned),304.695,-18.305,18.305,0.056672,300-349,0,5
25499,2022,DODGE,CHALLENGER (MDS),MID-SIZE,6.4,>4.0L,8,Automatic,8,Premium Gasoline,15.8,9.6,13.0,22,305,3,1,215.0,185.0,90.0,120.0,1,300-349,test,Random Forest (Tuned),306.223,1.223,1.223,0.00401,300-349,0,19
25502,2022,DODGE,CHALLENGER WIDEBODY (MDS),MID-SIZE,6.4,>4.0L,8,Automatic,8,Premium Gasoline,15.8,9.6,13.0,22,305,3,1,215.0,185.0,90.0,120.0,1,300-349,test,Random Forest (Tuned),306.223,1.223,1.223,0.00401,300-349,0,19
26823,2023,MERCEDES-BENZ,MAYBACH S 580 4MATIC SEDAN,FULL-SIZE,4.0,3.1-4.0L,8,Automatic,9,Premium Gasoline,15.9,9.6,13.0,22,305,4,5,247.0,186.0,58.0,119.0,1,300-349,test,Random Forest (Tuned),292.512,-12.488,12.488,0.040944,250-299,0,12
25390,2022,CADILLAC,CT4-V BLACKWING,COMPACT,3.6,3.1-4.0L,6,Automatic with Select Shift,10,Premium Gasoline,15.0,9.7,12.6,22,297,4,5,201.0,178.25,96.0,118.75,1,250-299,test,Random Forest (Tuned),281.177,-15.823,15.823,0.053276,250-299,0,2
25326,2022,BMW,M3 COMPETITION SEDAN M XDRIVE,COMPACT,3.0,2.1-3.0L,6,Automatic with Select Shift,8,Premium Gasoline,14.6,10.5,12.7,22,296,4,5,201.0,178.25,95.0,117.75,1,250-299,test,Random Forest (Tuned),219.811,-76.189,76.189,0.257395,200-249,1,3
26629,2023,JAGUAR,F-PACE P550 SVR,SUV - SMALL,5.0,>4.0L,8,Automatic with Select Shift,8,Premium Gasoline,15.4,11.0,13.4,21,316,3,3,227.0,200.0,89.0,116.0,1,300-349,test,Random Forest (Tuned),312.033,-3.967,3.967,0.012554,300-349,0,12
25324,2022,BMW,M3 SEDAN,COMPACT,3.0,2.1-3.0L,6,Manual,6,Premium Gasoline,14.7,10.1,12.6,22,293,4,5,201.0,178.25,92.0,114.75,1,250-299,test,Random Forest (Tuned),265.697,-27.303,27.303,0.093184,250-299,1,4
25528,2022,FORD,BRONCO SASQUATCH 4WD,SUV - SMALL,2.3,2.1-3.0L,4,Manual,7,Regular Gasoline,13.8,13.1,13.5,21,317,3,5,223.5,202.5,93.5,114.5,1,300-349,test,Random Forest (Tuned),299.72,-17.28,17.28,0.054511,250-299,0,10
26451,2023,FORD,BRONCO SASQUATCH 4WD,SUV - SMALL,2.3,2.1-3.0L,4,Automatic with Select Shift,10,Regular Gasoline,13.1,13.8,13.4,21,314,4,5,227.0,200.0,87.0,114.0,1,300-349,test,Random Forest (Tuned),297.455,-16.545,16.545,0.052691,250-299,0,13
25325,2022,BMW,M3 COMPETITION SEDAN,COMPACT,3.0,2.1-3.0L,6,Automatic with Select Shift,8,Premium Gasoline,14.5,10.2,12.6,22,292,4,5,201.0,178.25,91.0,113.75,1,250-299,test,Random Forest (Tuned),219.811,-72.189,72.189,0.247223,200-249,1,5
26159,2022,TOYOTA,SEQUOIA 4WD,SUV - STANDARD,5.7,>4.0L,8,Automatic with Select Shift,6,Regular Gasoline,18.5,13.9,16.4,17,385,2,5,309.0,272.0,76.0,113.0,1,350+,test,Random Forest (Tuned),384.687,-0.313,0.313,0.000813,350+,0,3
26272,2023,BENTLEY,CONTINENTAL GTC,MINICOMPACT,4.0,3.1-4.0L,8,Automated Manual,8,Premium Gasoline,15.8,10.5,13.4,21,315,4,3,247.0,202.5,68.0,112.5,1,300-349,test,Random Forest (Tuned),294.694,-20.306,20.306,0.064463,250-299,0,4
25808,2022,LAMBORGHINI,URUS,SUV - STANDARD,4.0,3.1-4.0L,8,Automatic with Select Shift,8,Premium Gasoline,19.2,14.1,16.9,17,384,2,3,309.0,272.0,75.0,112.0,1,350+,test,Random Forest (Tuned),380.995,-3.005,3.005,0.007826,350+,0,4
26537,2023,GENESIS,G80 AWD,FULL-SIZE,3.5,3.1-4.0L,6,Automatic with Select Shift,8,Premium Gasoline,14.8,9.9,12.6,22,298,4,5,247.0,186.0,51.0,112.0,1,250-299,test,Random Forest (Tuned),265.818,-32.182,32.182,0.107993,250-299,1,13
26813,2023,MERCEDES-BENZ,G 550 SUV,SUV - STANDARD,4.0,3.1-4.0L,8,Automatic,9,Premium Gasoline,17.9,14.4,16.3,17,383,2,3,302.0,271.5,81.0,111.5,1,350+,test,Random Forest (Tuned),340.909,-42.091,42.091,0.109898,300-349,1,3
26269,2023,BENTLEY,BENTAYGA SPEED,SUV - STANDARD,6.0,>4.0L,12,Automatic with Select Shift,8,Premium Gasoline,19.3,12.7,16.3,17,383,2,3,302.0,271.5,81.0,111.5,1,350+,test,Random Forest (Tuned),388.01,5.01,5.01,0.013081,350+,0,3
25527,2022,FORD,BRONCO SASQUATCH 4WD,SUV - SMALL,2.3,2.1-3.0L,4,Automatic with Select Shift,10,Regular Gasoline,13.1,13.8,13.4,21,314,3,5,223.5,202.5,90.5,111.5,1,300-349,test,Random Forest (Tuned),297.455,-16.545,16.545,0.052691,250-299,0,11
25283,2022,AUDI,R8 SPYDER PERFORMANCE QUATTRO,TWO-SEATER,5.2,>4.0L,10,Automated Manual,7,Premium Gasoline,17.9,12.1,15.3,18,356,3,1,284.0,245.0,72.0,111.0,1,350+,test,Random Forest (Tuned),341.432,-14.568,14.568,0.040921,300-349,0,12
25281,2022,AUDI,R8 COUPE PERFORMANCE QUATTRO,TWO-SEATER,5.2,>4.0L,10,Automated Manual,7,Premium Gasoline,17.9,12.1,15.3,18,356,3,1,284.0,245.0,72.0,111.0,1,350+,test,Random Forest (Tuned),341.432,-14.568,14.568,0.040921,300-349,0,12
25343,2022,BMW,M8 COUPE COMPETITION,SUBCOMPACT,4.4,>4.0L,8,Automatic with Select Shift,8,Premium Gasoline,16.1,11.0,13.8,20,322,3,3,242.0,211.0,80.0,111.0,1,300-349,test,Random Forest (Tuned),307.452,-14.548,14.548,0.04518,300-349,0,6
25342,2022,BMW,M8 COUPE,SUBCOMPACT,4.4,>4.0L,8,Automatic with Select Shift,8,Premium Gasoline,16.1,11.0,13.8,20,322,3,3,242.0,211.0,80.0,111.0,1,300-349,test,Random Forest (Tuned),307.452,-14.548,14.548,0.04518,300-349,0,6
25341,2022,BMW,M8 CABRIOLET COMPETITION,SUBCOMPACT,4.4,>4.0L,8,Automatic with Select Shift,8,Premium Gasoline,16.1,11.0,13.8,20,322,3,3,242.0,211.0,80.0,111.0,1,300-349,test,Random Forest (Tuned),307.452,-14.548,14.548,0.04518,300-349,0,6
25340,2022,BMW,M8 CABRIOLET,SUBCOMPACT,4.4,>4.0L,8,Automatic with Select Shift,8,Premium Gasoline,16.1,11.0,13.8,20,322,3,3,242.0,211.0,80.0,111.0,1,300-349,test,Random Forest (Tuned),307.452,-14.548,14.548,0.04518,300-349,0,6
25305,2022,BENTLEY,BENTAYGA SPEED,SUV - STANDARD,6.0,>4.0L,12,Automatic with Select Shift,8,Premium Gasoline,19.0,13.0,16.3,17,383,2,3,309.0,272.0,74.0,111.0,1,350+,test,Random Forest (Tuned),388.01,5.01,5.01,0.013081,350+,0,5
25510,2022,DODGE,CHARGER (MDS),FULL-SIZE,6.4,>4.0L,8,Automatic,8,Premium Gasoline,15.8,9.6,13.0,22,305,3,1,276.0,195.0,29.0,110.0,1,300-349,test,Random Forest (Tuned),306.69,1.69,1.69,0.005541,300-349,0,16
25512,2022,DODGE,CHARGER WIDEBODY (MDS),FULL-SIZE,6.4,>4.0L,8,Automatic,8,Premium Gasoline,15.8,9.6,13.0,22,305,3,1,276.0,195.0,29.0,110.0,1,300-349,test,Random Forest (Tuned),306.69,1.69,1.69,0.005541,300-349,0,16
25463,2022,CHEVROLET,SILVERADO 4WD MUD TERRAIN TIRE (NO STOP-START),PICKUP TRUCK - STANDARD,6.2,>4.0L,8,Automatic,10,Premium Gasoline,18.2,14.2,16.4,17,385,2,6,306.0,275.0,79.0,110.0,1,350+,test,Random Forest (Tuned),328.557,-56.443,56.443,0.146605,300-349,1,2
25653,2022,GMC,SIERRA 4WD MUD TERRAIN TIRE (NO STOP-START),PICKUP TRUCK - STANDARD,6.2,>4.0L,8,Automatic,10,Premium Gasoline,18.2,14.2,16.4,17,385,2,6,306.0,275.0,79.0,110.0,1,350+,test,Random Forest (Tuned),332.593,-52.407,52.407,0.136122,300-349,1,2
26374,2023,CHEVROLET,CORVETTE Z06,TWO-SEATER,5.5,>4.0L,8,Automatic with Select Shift,8,Premium Gasoline,19.4,11.4,15.8,18,371,2,3,299.0,262.5,72.0,108.5,1,350+,test,Random Forest (Tuned),294.023,-76.977,76.977,0.207485,250-299,1,5
25613,2022,GENESIS,G90 AWD,FULL-SIZE,5.0,>4.0L,8,Automatic with Select Shift,8,Premium Gasoline,15.0,10.1,12.8,22,303,3,5,276.0,195.0,27.0,108.0,1,300-349,test,Random Forest (Tuned),304.999,1.999,1.999,0.006597,300-349,0,18
25864,2022,MASERATI,GHIBLI MODENA AWD,MID-SIZE,3.0,2.1-3.0L,6,Automatic,8,Premium Gasoline,14.8,9.8,12.6,22,293,4,3,215.0,185.0,78.0,108.0,1,250-299,test,Random Forest (Tuned),282.599,-10.401,10.401,0.035498,250-299,0,21
26300,2023,BMW,M8 COMPETITION CABRIOLET,SUBCOMPACT,4.4,>4.0L,8,Automatic with Select Shift,8,Premium Gasoline,16.1,10.9,13.7,21,321,3,3,242.0,213.0,79.0,108.0,1,300-349,test,Random Forest (Tuned),307.452,-13.548,13.548,0.042206,300-349,0,5
26301,2023,BMW,M8 COMPETITION COUPE,SUBCOMPACT,4.4,>4.0L,8,Automatic with Select Shift,8,Premium Gasoline,16.1,10.9,13.7,21,321,3,3,242.0,213.0,79.0,108.0,1,300-349,test,Random Forest (Tuned),307.452,-13.548,13.548,0.042206,300-349,0,5
26447,2023,FORD,BRONCO BLACK DIAMOND 4WD,SUV - SMALL,2.3,2.1-3.0L,4,Automatic with Select Shift,10,Regular Gasoline,13.1,13.1,13.1,22,308,4,5,227.0,200.0,81.0,108.0,1,300-349,test,Random Forest (Tuned),297.455,-10.545,10.545,0.034237,250-299,0,14
26449,2023,FORD,BRONCO BLACK DIAMOND 4WD,SUV - SMALL,2.7,2.1-3.0L,6,Automatic with Select Shift,10,Regular Gasoline,13.1,13.1,13.1,22,308,4,5,227.0,200.0,81.0,108.0,1,300-349,test,Random Forest (Tuned),305.711,-2.289,2.289,0.007432,300-349,0,14
26723,2023,LEXUS,IS 500,COMPACT,5.0,>4.0L,8,Automatic with Select Shift,8,Premium Gasoline,14.1,9.3,11.9,24,280,4,5,205.0,172.5,75.0,107.5,1,250-299,test,Random Forest (Tuned),294.018,14.018,14.018,0.050064,250-299,0,5
25525,2022,FORD,BRONCO BLACK DIAMOND 4WD,SUV - SMALL,2.3,2.1-3.0L,4,Manual,7,Regular Gasoline,13.8,12.4,13.2,21,310,3,5,223.5,202.5,86.5,107.5,1,300-349,test,Random Forest (Tuned),299.72,-10.28,10.28,0.033161,250-299,0,12
26691,2023,LAMBORGHINI,HURACÁN EVO SPYDER AWD,TWO-SEATER,5.2,>4.0L,10,Automated Manual,7,Premium Gasoline,18.2,13.2,15.9,18,370,2,1,299.0,262.5,71.0,107.5,1,350+,test,Random Forest (Tuned),370.403,0.403,0.403,0.001089,350+,0,6
26689,2023,LAMBORGHINI,HURACÁN EVO COUPE AWD,TWO-SEATER,5.2,>4.0L,10,Automated Manual,7,Premium Gasoline,18.2,13.2,15.9,18,370,2,1,299.0,262.5,71.0,107.5,1,350+,test,Random Forest (Tuned),370.403,0.403,0.403,0.001089,350+,0,6
25944,2022,MERCEDES-BENZ,MAYBACH S 580 4MATIC SEDAN,FULL-SIZE,4.0,3.1-4.0L,8,Automatic,9,Premium Gasoline,15.2,9.9,12.9,22,301,3,5,276.0,195.0,25.0,106.0,1,300-349,test,Random Forest (Tuned),292.512,-8.488,8.488,0.028199,250-299,0,19
25649,2022,GMC,SIERRA 4WD MUD TERRAIN TIRE (NO DFM),PICKUP TRUCK - STANDARD,5.3,>4.0L,8,Automatic,10,Regular Gasoline,18.1,13.8,16.2,17,381,2,6,306.0,275.0,75.0,106.0,1,350+,test,Random Forest (Tuned),310.049,-70.951,70.951,0.186223,300-349,1,4
25458,2022,CHEVROLET,SILVERADO 4WD MUD TERRAIN TIRE (NO DFM),PICKUP TRUCK - STANDARD,5.3,>4.0L,8,Automatic,10,Regular Gasoline,18.1,13.8,16.2,17,381,2,6,306.0,275.0,75.0,106.0,1,350+,test,Random Forest (Tuned),309.764,-71.236,71.236,0.186971,300-349,1,4
25524,2022,FORD,BRONCO BLACK DIAMOND 4WD,SUV - SMALL,2.3,2.1-3.0L,4,Automatic with Select Shift,10,Regular Gasoline,13.1,13.1,13.1,22,308,3,5,223.5,202.5,84.5,105.5,1,300-349,test,Random Forest (Tuned),297.455,-10.545,10.545,0.034237,250-299,0,13
26688,2023,LAMBORGHINI,HURACÁN EVO COUPE,TWO-SEATER,5.2,>4.0L,10,Automated Manual,7,Premium Gasoline,18.0,13.1,15.8,18,368,2,1,299.0,262.5,69.0,105.5,1,350+,test,Random Forest (Tuned),370.403,2.403,2.403,0.00653,350+,0,8
26690,2023,LAMBORGHINI,HURACÁN EVO SPYDER,TWO-SEATER,5.2,>4.0L,10,Automated Manual,7,Premium Gasoline,18.0,13.1,15.8,18,368,2,1,299.0,262.5,69.0,105.5,1,350+,test,Random Forest (Tuned),370.403,2.403,2.403,0.00653,350+,0,8
25448,2022,CHEVROLET,SILVERADO 4WD MUD TERRAIN TIRE FFV,PICKUP TRUCK - STANDARD,5.3,>4.0L,8,Automatic,6,Regular Gasoline,17.4,14.7,16.2,17,380,2,3,306.0,275.0,74.0,105.0,1,350+,test,Random Forest (Tuned),343.173,-36.827,36.827,0.096913,300-349,1,6
25640,2022,GMC,SIERRA 4WD MUD TERRAIN TIRE FFV,PICKUP TRUCK - STANDARD,5.3,>4.0L,8,Automatic,6,Regular Gasoline,17.4,14.7,16.2,17,380,2,3,306.0,275.0,74.0,105.0,1,350+,test,Random Forest (Tuned),339.746,-40.254,40.254,0.105932,300-349,1,6
25497,2022,DODGE,CHALLENGER (MDS),MID-SIZE,5.7,>4.0L,8,Automatic,8,Regular Gasoline,14.7,9.4,12.3,23,289,4,3,215.0,185.0,74.0,104.0,1,250-299,test,Random Forest (Tuned),289.212,0.212,0.212,0.000734,250-299,0,22
26520,2023,FORD,MUSTANG,SUBCOMPACT,5.0,>4.0L,8,Manual,6,Regular Gasoline,16.2,10.2,13.5,21,317,3,5,242.0,213.0,75.0,104.0,1,300-349,test,Random Forest (Tuned),319.063,2.063,2.063,0.006508,300-349,0,7
26419,2023,DODGE,CHALLENGER (MDS),MID-SIZE,5.7,>4.0L,8,Automatic,8,Regular Gasoline,14.7,9.4,12.3,23,289,4,3,217.0,185.0,72.0,104.0,1,250-299,test,Random Forest (Tuned),289.212,0.212,0.212,0.000734,250-299,0,19
25594,2022,FORD,MUSTANG CONVERTIBLE,SUBCOMPACT,5.0,>4.0L,8,Automatic with Select Shift,10,Regular Gasoline,15.8,10.4,13.4,21,314,3,3,242.0,211.0,72.0,103.0,1,300-349,test,Random Forest (Tuned),304.298,-9.702,9.702,0.030898,300-349,0,10
25588,2022,FORD,MUSTANG,SUBCOMPACT,5.0,>4.0L,8,Manual,6,Regular Gasoline,16.1,10.1,13.4,21,314,3,3,242.0,211.0,72.0,103.0,1,300-349,test,Random Forest (Tuned),319.063,5.063,5.063,0.016124,300-349,0,10
25612,2022,GENESIS,G80 AWD,FULL-SIZE,3.5,3.1-4.0L,6,Automatic with Select Shift,8,Premium Gasoline,14.8,9.9,12.6,22,298,4,5,276.0,195.0,22.0,103.0,1,250-299,test,Random Forest (Tuned),265.818,-32.182,32.182,0.107993,250-299,1,20
26431,2023,DODGE,CHARGER (MDS),FULL-SIZE,5.7,>4.0L,8,Automatic,8,Regular Gasoline,14.7,9.4,12.3,23,289,4,3,247.0,186.0,42.0,103.0,1,250-299,test,Random Forest (Tuned),288.987,-0.013,0.013,4.5e-05,250-299,0,14
26412,2023,CHRYSLER,300,FULL-SIZE,5.7,>4.0L,8,Automatic,8,Regular Gasoline,14.7,9.4,12.3,23,289,4,3,247.0,186.0,42.0,103.0,1,250-299,test,Random Forest (Tuned),289.0,0.0,0.0,0.0,250-299,0,14
26649,2023,JEEP,GRAND WAGONEER 4X4,SUV - STANDARD,6.4,>4.0L,8,Automatic,8,Premium Gasoline,18.6,12.8,16.0,18,374,2,1,302.0,271.5,72.0,102.5,1,350+,test,Random Forest (Tuned),371.917,-2.083,2.083,0.00557,350+,0,5
25760,2022,JEEP,GRAND WAGONEER 4X4,SUV - STANDARD,6.4,>4.0L,8,Automatic,8,Premium Gasoline,18.6,12.8,16.0,18,374,2,1,309.0,272.0,65.0,102.0,1,350+,test,Random Forest (Tuned),371.917,-2.083,2.083,0.00557,350+,0,6
25835,2022,LEXUS,IS 500,COMPACT,5.0,>4.0L,8,Automatic with Select Shift,8,Premium Gasoline,14.1,9.3,11.9,24,280,4,5,201.0,178.25,79.0,101.75,1,250-299,test,Random Forest (Tuned),294.018,14.018,14.018,0.050064,250-299,0,6
26725,2023,LEXUS,LC 500 CONVERTIBLE,MINICOMPACT,5.0,>4.0L,8,Automatic with Select Shift,10,Premium Gasoline,16.0,9.5,13.0,22,304,4,5,247.0,202.5,57.0,101.5,1,300-349,test,Random Forest (Tuned),300.056,-3.944,3.944,0.012974,300-349,0,5
26535,2023,GENESIS,G70 AWD,COMPACT,3.3,3.1-4.0L,6,Automatic with Select Shift,8,Premium Gasoline,13.5,9.1,11.5,25,273,4,3,205.0,172.5,68.0,100.5,1,250-299,test,Random Forest (Tuned),281.34,8.34,8.34,0.030549,250-299,0,6
26526,2023,FORD,MUSTANG CONVERTIBLE,SUBCOMPACT,5.0,>4.0L,8,Automatic with Select Shift,10,Regular Gasoline,15.8,10.4,13.4,21,313,4,5,242.0,213.0,71.0,100.0,1,300-349,test,Random Forest (Tuned),304.298,-8.702,8.702,0.027802,300-349,0,8
26305,2023,BMW,M850I XDRIVE GRAN COUPE,MID-SIZE,4.4,>4.0L,8,Automatic with Select Shift,8,Premium Gasoline,14.1,9.9,12.2,23,284,4,3,217.0,185.0,67.0,99.0,1,250-299,test,Random Forest (Tuned),307.764,23.764,23.764,0.083676,300-349,0,20
26283,2023,BMW,ALPINA B8 GRAN COUPE,MID-SIZE,4.4,>4.0L,8,Automatic with Select Shift,8,Premium Gasoline,14.1,9.9,12.2,23,284,4,3,217.0,185.0,67.0,99.0,1,250-299,test,Random Forest (Tuned),307.764,23.764,23.764,0.083676,300-349,0,20
26749,2023,MASERATI,GHIBLI MODENA AWD,MID-SIZE,3.0,2.1-3.0L,6,Automatic,8,Premium Gasoline,14.1,9.5,12.0,24,284,4,3,217.0,185.0,67.0,99.0,1,250-299,test,Random Forest (Tuned),282.599,-1.401,1.401,0.004933,250-299,0,20
26828,2023,MERCEDES-BENZ,S 580 4MATIC SEDAN,FULL-SIZE,4.0,3.1-4.0L,8,Automatic,9,Premium Gasoline,14.3,9.5,12.2,23,285,4,5,247.0,186.0,38.0,99.0,1,250-299,test,Random Forest (Tuned),292.512,7.512,7.512,0.026358,250-299,0,16
26245,2023,AUDI,R8 SPYDER PERFORMANCE QUATTRO,TWO-SEATER,5.2,>4.0L,10,Automated Manual,7,Premium Gasoline,17.7,12.8,15.5,18,361,2,1,299.0,262.5,62.0,98.5,1,350+,test,Random Forest (Tuned),341.432,-19.568,19.568,0.054205,300-349,0,10
26243,2023,AUDI,R8 COUPÉ PERFORMANCE QUATTRO,TWO-SEATER,5.2,>4.0L,10,Automated Manual,7,Premium Gasoline,17.7,12.8,15.5,18,361,2,1,299.0,262.5,62.0,98.5,1,350+,test,Random Forest (Tuned),341.432,-19.568,19.568,0.054205,300-349,0,10
25873,2022,MASERATI,QUATTROPORTE MODENA AWD,FULL-SIZE,3.0,2.1-3.0L,6,Automatic,8,Premium Gasoline,14.8,9.8,12.6,22,293,4,3,276.0,195.0,17.0,98.0,1,250-299,test,Random Forest (Tuned),291.49,-1.51,1.51,0.005154,250-299,0,21
26762,2023,MASERATI,QUATTROPORTE MODENA AWD,FULL-SIZE,3.0,2.1-3.0L,6,Automatic,8,Premium Gasoline,14.1,9.5,12.0,24,284,4,3,247.0,186.0,37.0,98.0,1,250-299,test,Random Forest (Tuned),291.49,7.49,7.49,0.026373,250-299,0,17
26501,2023,FORD,F-150 RAPTOR 37 4X4 (WITHOUT STOP-START),PICKUP TRUCK - STANDARD,3.5,3.1-4.0L,6,Automatic with Select Shift,10,Regular Gasoline,16.6,14.8,15.8,18,370,2,6,291.0,273.0,79.0,97.0,1,350+,test,Random Forest (Tuned),304.186,-65.814,65.814,0.177876,300-349,1,3
26071,2022,PORSCHE,PANAMERA 4S EXECUTIVE,FULL-SIZE,2.9,2.1-3.0L,6,Automated Manual,8,Premium Gasoline,13.8,10.2,12.2,23,292,4,5,276.0,195.0,16.0,97.0,1,250-299,test,Random Forest (Tuned),281.345,-10.655,10.655,0.03649,250-299,0,22
26072,2022,PORSCHE,PANAMERA 4S ST,FULL-SIZE,2.9,2.1-3.0L,6,Automated Manual,8,Premium Gasoline,13.8,10.2,12.2,23,292,4,5,276.0,195.0,16.0,97.0,1,250-299,test,Random Forest (Tuned),281.345,-10.655,10.655,0.03649,250-299,0,22
26249,2023,AUDI,RS 6 AVANT QUATTRO,STATION WAGON - MID-SIZE,4.0,3.1-4.0L,8,Automatic with Select Shift,8,Premium Gasoline,16.4,11.1,14.1,20,328,3,3,241.5,231.5,86.5,96.5,1,300-349,test,Random Forest (Tuned),319.452,-8.548,8.548,0.026061,300-349,0,3
25799,2022,KIA,STINGER AWD,MID-SIZE,3.3,3.1-4.0L,6,Automatic with Select Shift,8,Premium Gasoline,13.7,9.6,11.9,24,280,4,3,215.0,185.0,65.0,95.0,1,250-299,test,Random Forest (Tuned),277.552,-2.448,2.448,0.008743,250-299,0,23
25574,2022,FORD,F-150 RAPTOR 37 4X4 (WITHOUT STOP-START),PICKUP TRUCK - STANDARD,3.5,3.1-4.0L,6,Automatic with Select Shift,10,Regular Gasoline,16.6,14.8,15.8,18,370,2,6,306.0,275.0,64.0,95.0,1,350+,test,Random Forest (Tuned),304.186,-65.814,65.814,0.177876,300-349,1,8
26686,2023,KIA,STINGER AWD,MID-SIZE,3.3,3.1-4.0L,6,Automatic with Select Shift,8,Premium Gasoline,13.7,9.6,11.9,24,280,4,3,217.0,185.0,63.0,95.0,1,250-299,test,Random Forest (Tuned),277.552,-2.448,2.448,0.008743,250-299,0,23
26761,2023,MASERATI,QUATTROPORTE MODENA,FULL-SIZE,3.0,2.1-3.0L,6,Automatic,8,Premium Gasoline,14.4,9.3,12.1,23,281,4,3,247.0,186.0,34.0,95.0,1,250-299,test,Random Forest (Tuned),291.49,10.49,10.49,0.037331,250-299,0,18
26760,2023,MASERATI,QUATTROPORTE GT,FULL-SIZE,3.0,2.1-3.0L,6,Automatic,8,Premium Gasoline,14.4,9.3,12.1,23,281,4,3,247.0,186.0,34.0,95.0,1,250-299,test,Random Forest (Tuned),291.49,10.49,10.49,0.037331,250-299,0,18
25610,2022,GENESIS,G70 AWD,COMPACT,3.3,3.1-4.0L,6,Automatic with Select Shift,8,Premium Gasoline,13.5,9.1,11.5,25,273,4,3,201.0,178.25,72.0,94.75,1,250-299,test,Random Forest (Tuned),281.34,8.34,8.34,0.030549,250-299,0,7
26068,2022,PORSCHE,PANAMERA 4 EXECUTIVE,FULL-SIZE,2.9,2.1-3.0L,6,Automated Manual,8,Premium Gasoline,13.8,10.2,12.2,23,289,4,5,276.0,195.0,13.0,94.0,1,250-299,test,Random Forest (Tuned),281.345,-7.655,7.655,0.026488,250-299,0,24
25491,2022,CHRYSLER,300,FULL-SIZE,5.7,>4.0L,8,Automatic,8,Regular Gasoline,14.7,9.4,12.3,23,289,4,3,276.0,195.0,13.0,94.0,1,250-299,test,Random Forest (Tuned),289.0,0.0,0.0,0.0,250-299,0,24
25509,2022,DODGE,CHARGER (MDS),FULL-SIZE,5.7,>4.0L,8,Automatic,8,Regular Gasoline,14.7,9.4,12.3,23,289,4,3,276.0,195.0,13.0,94.0,1,250-299,test,Random Forest (Tuned),288.987,-0.013,0.013,4.5e-05,250-299,0,24
25320,2022,BMW,ALPINA B8 GRAN COUPE,MID-SIZE,4.4,>4.0L,8,Automatic with Select Shift,8,Premium Gasoline,13.9,9.6,12.0,24,279,4,3,215.0,185.0,64.0,94.0,1,250-299,test,Random Forest (Tuned),307.764,28.764,28.764,0.103097,300-349,1,24
25348,2022,BMW,M850I XDRIVE GRAN COUPE,MID-SIZE,4.4,>4.0L,8,Automatic with Select Shift,8,Premium Gasoline,13.9,9.6,12.0,24,279,4,3,215.0,185.0,64.0,94.0,1,250-299,test,Random Forest (Tuned),307.764,28.764,28.764,0.103097,300-349,1,24
26270,2023,BENTLEY,CONTINENTAL GT,SUBCOMPACT,4.0,3.1-4.0L,8,Automated Manual,8,Premium Gasoline,15.3,10.4,13.1,22,307,4,3,242.0,213.0,65.0,94.0,1,300-349,test,Random Forest (Tuned),296.234,-10.766,10.766,0.035068,250-299,0,9
25822,2022,LAND ROVER,RANGE ROVER SVAUTOBIOGRAPHY LWB,SUV - STANDARD,5.0,>4.0L,8,Automatic with Select Shift,8,Premium Gasoline,17.9,12.7,15.5,18,365,2,3,309.0,272.0,56.0,93.0,1,350+,test,Random Forest (Tuned),324.872,-40.128,40.128,0.10994,300-349,1,7
26321,2023,BMW,X6 M COMPETITION,SUV - STANDARD,4.4,>4.0L,8,Automatic with Select Shift,8,Premium Gasoline,17.9,13.0,15.7,18,364,2,3,302.0,271.5,62.0,92.5,1,350+,test,Random Forest (Tuned),337.021,-26.979,26.979,0.074118,300-349,1,6
26320,2023,BMW,X6 M,SUV - STANDARD,4.4,>4.0L,8,Automatic with Select Shift,8,Premium Gasoline,17.9,13.0,15.7,18,364,2,3,302.0,271.5,62.0,92.5,1,350+,test,Random Forest (Tuned),337.021,-26.979,26.979,0.074118,300-349,1,6
26317,2023,BMW,X5 M COMPETITION,SUV - STANDARD,4.4,>4.0L,8,Automatic with Select Shift,8,Premium Gasoline,17.9,13.0,15.7,18,364,2,3,302.0,271.5,62.0,92.5,1,350+,test,Random Forest (Tuned),337.021,-26.979,26.979,0.074118,300-349,1,6
26316,2023,BMW,X5 M,SUV - STANDARD,4.4,>4.0L,8,Automatic with Select Shift,8,Premium Gasoline,17.9,13.0,15.7,18,364,2,3,302.0,271.5,62.0,92.5,1,350+,test,Random Forest (Tuned),337.021,-26.979,26.979,0.074118,300-349,1,6
25361,2022,BMW,X5 M,SUV - STANDARD,4.4,>4.0L,8,Automatic with Select Shift,8,Premium Gasoline,17.9,13.0,15.7,18,364,2,3,309.0,272.0,55.0,92.0,1,350+,test,Random Forest (Tuned),337.021,-26.979,26.979,0.074118,300-349,1,8
25362,2022,BMW,X5 M COMPETITION,SUV - STANDARD,4.4,>4.0L,8,Automatic with Select Shift,8,Premium Gasoline,17.9,13.0,15.7,18,364,2,3,309.0,272.0,55.0,92.0,1,350+,test,Random Forest (Tuned),337.021,-26.979,26.979,0.074118,300-349,1,8
25365,2022,BMW,X6 M,SUV - STANDARD,4.4,>4.0L,8,Automatic with Select Shift,8,Premium Gasoline,17.9,13.0,15.7,18,364,2,3,309.0,272.0,55.0,92.0,1,350+,test,Random Forest (Tuned),337.021,-26.979,26.979,0.074118,300-349,1,8
25366,2022,BMW,X6 M COMPETITION,SUV - STANDARD,4.4,>4.0L,8,Automatic with Select Shift,8,Premium Gasoline,17.9,13.0,15.7,18,364,2,3,309.0,272.0,55.0,92.0,1,350+,test,Random Forest (Tuned),337.021,-26.979,26.979,0.074118,300-349,1,8
26299,2023,BMW,M550I XDRIVE SEDAN,MID-SIZE,4.4,>4.0L,8,Automatic with Select Shift,8,Premium Gasoline,14.0,9.5,12.0,24,277,4,3,217.0,185.0,60.0,92.0,1,250-299,test,Random Forest (Tuned),307.764,30.764,30.764,0.111061,300-349,1,24
26438,2023,DODGE,DURANGO AWD SRT,SUV - STANDARD,6.4,>4.0L,8,Automatic,8,Premium Gasoline,18.3,12.2,15.6,18,363,2,1,302.0,271.5,61.0,91.5,1,350+,test,Random Forest (Tuned),368.555,5.555,5.555,0.015303,350+,0,10
26396,2023,CHEVROLET,SILVERADO 4WD ZR2,PICKUP TRUCK - STANDARD,6.2,>4.0L,8,Automatic,10,Premium Gasoline,16.7,14.0,15.5,18,364,2,6,291.0,273.0,73.0,91.0,1,350+,test,Random Forest (Tuned),328.557,-35.443,35.443,0.097371,300-349,1,4
26561,2023,GMC,SIERRA 4WD MUD TERRAIN TIRE,PICKUP TRUCK - STANDARD,6.2,>4.0L,8,Automatic,10,Premium Gasoline,16.7,14.0,15.5,18,364,2,6,291.0,273.0,73.0,91.0,1,350+,test,Random Forest (Tuned),332.593,-31.407,31.407,0.086283,300-349,1,4
26562,2023,GMC,SIERRA 4WD AT4X,PICKUP TRUCK - STANDARD,6.2,>4.0L,8,Automatic,10,Premium Gasoline,16.7,14.0,15.5,18,364,2,6,291.0,273.0,73.0,91.0,1,350+,test,Random Forest (Tuned),332.593,-31.407,31.407,0.086283,300-349,1,4
25595,2022,FORD,MUSTANG MACH 1,SUBCOMPACT,5.0,>4.0L,8,Automatic with Select Shift,10,Regular Gasoline,15.2,10.1,12.9,22,302,3,3,242.0,211.0,60.0,91.0,1,300-349,test,Random Forest (Tuned),304.298,2.298,2.298,0.007609,300-349,0,12
25516,2022,DODGE,DURANGO AWD SRT,SUV - STANDARD,6.4,>4.0L,8,Automatic,8,Premium Gasoline,18.3,12.2,15.6,18,363,2,1,309.0,272.0,54.0,91.0,1,350+,test,Random Forest (Tuned),368.555,5.555,5.555,0.015303,350+,0,12
25464,2022,CHEVROLET,SILVERADO 4WD ZR2,PICKUP TRUCK - STANDARD,6.2,>4.0L,8,Automatic,10,Premium Gasoline,16.7,14.1,15.5,18,366,2,6,306.0,275.0,60.0,91.0,1,350+,test,Random Forest (Tuned),328.557,-37.443,37.443,0.102303,300-349,1,9
26863,2023,NISSAN,ARMADA 4WD,SUV - STANDARD,5.6,>4.0L,8,Automatic with Select Shift,7,Premium Gasoline,17.5,12.9,15.4,18,362,2,3,302.0,271.5,60.0,90.5,1,350+,test,Random Forest (Tuned),363.485,1.485,1.485,0.004102,350+,0,11
25328,2022,BMW,M4 COMPETITION CABRIOLET M XDRIVE,SUBCOMPACT,3.0,2.1-3.0L,6,Automatic with Select Shift,8,Premium Gasoline,15.1,10.4,12.9,22,301,3,5,242.0,211.0,59.0,90.0,1,300-349,test,Random Forest (Tuned),223.611,-77.389,77.389,0.257106,200-249,1,13
25950,2022,MERCEDES-BENZ,S 580 4MATIC LWB SEDAN,FULL-SIZE,4.0,3.1-4.0L,8,Automatic,9,Premium Gasoline,14.3,9.5,12.2,23,285,4,5,276.0,195.0,9.0,90.0,1,250-299,test,Random Forest (Tuned),292.512,7.512,7.512,0.026358,250-299,0,27
25980,2022,NISSAN,ARMADA 4WD,SUV - STANDARD,5.6,>4.0L,8,Automatic with Select Shift,7,Premium Gasoline,17.5,12.9,15.4,18,362,2,3,309.0,272.0,53.0,90.0,1,350+,test,Random Forest (Tuned),363.485,1.485,1.485,0.004102,350+,0,13
26527,2023,FORD,MUSTANG MACH 1,SUBCOMPACT,5.0,>4.0L,8,Automatic with Select Shift,10,Regular Gasoline,15.2,10.1,12.9,22,303,4,5,242.0,213.0,61.0,90.0,1,300-349,test,Random Forest (Tuned),304.298,1.298,1.298,0.004284,300-349,0,10
26802,2023,MERCEDES-BENZ,AMG GT 53 4MATIC+ COUPE,COMPACT,3.0,2.1-3.0L,6,Automatic,9,Premium Gasoline,12.3,9.8,11.2,25,262,4,6,205.0,172.5,57.0,89.5,1,250-299,test,Random Forest (Tuned),246.029,-15.971,15.971,0.060958,200-249,0,7
25457,2022,CHEVROLET,SILVERADO 4WD MUD TERRAIN TIRE (NO STOP-START),PICKUP TRUCK - STANDARD,5.3,>4.0L,8,Automatic,10,Regular Gasoline,16.8,13.9,15.5,18,364,2,6,306.0,275.0,58.0,89.0,1,350+,test,Random Forest (Tuned),309.764,-54.236,54.236,0.149,300-349,1,10
25520,2022,FORD,BRONCO 4WD,SUV - SMALL,2.7,2.1-3.0L,6,Automatic with Select Shift,10,Regular Gasoline,12.8,11.9,12.4,23,291,4,6,223.5,202.5,67.5,88.5,1,250-299,test,Random Forest (Tuned),305.711,14.711,14.711,0.050553,300-349,0,14
25921,2022,MERCEDES-BENZ,AMG GLS 63 4MATIC+ SUV,SUV - STANDARD,4.0,3.1-4.0L,8,Automatic,9,Premium Gasoline,17.1,13.2,15.3,18,360,2,5,309.0,272.0,51.0,88.0,1,350+,test,Random Forest (Tuned),340.909,-19.091,19.091,0.053031,300-349,0,14
25288,2022,AUDI,RS Q8 QUATTRO,SUV - STANDARD,4.0,3.1-4.0L,8,Automatic with Select Shift,8,Premium Gasoline,18.0,12.3,15.4,18,360,2,3,309.0,272.0,51.0,88.0,1,350+,test,Random Forest (Tuned),335.797,-24.203,24.203,0.067231,300-349,0,14
26291,2023,BMW,M4 COMPETITION M XDRIVE CABRIOLET,SUBCOMPACT,3.0,2.1-3.0L,6,Automatic with Select Shift,8,Premium Gasoline,15.1,10.4,12.9,22,301,4,5,242.0,213.0,59.0,88.0,1,300-349,test,Random Forest (Tuned),223.611,-77.389,77.389,0.257106,200-249,1,11
26294,2023,BMW,M4 CSL COUPE,SUBCOMPACT,3.0,2.1-3.0L,6,Automatic with Select Shift,8,Premium Gasoline,15.0,10.3,12.9,22,301,4,5,242.0,213.0,59.0,88.0,1,300-349,test,Random Forest (Tuned),223.611,-77.389,77.389,0.257106,200-249,1,11
26215,2023,ALFA ROMEO,STELVIO AWD QUADRIFOGLIO,SUV - SMALL,2.9,2.1-3.0L,6,Automatic,8,Premium Gasoline,13.9,10.3,12.3,23,288,4,3,227.0,200.0,61.0,88.0,1,250-299,test,Random Forest (Tuned),285.984,-2.016,2.016,0.007,250-299,0,16
26538,2023,GENESIS,G90,FULL-SIZE,3.5,3.1-4.0L,6,Automated Manual,8,Premium Gasoline,13.6,9.6,11.8,24,274,4,5,247.0,186.0,27.0,88.0,1,250-299,test,Random Forest (Tuned),261.708,-12.292,12.292,0.044861,250-299,0,20
26065,2022,PORSCHE,MACAN GTS,SUV - SMALL,2.9,2.1-3.0L,6,Automated Manual,7,Premium Gasoline,13.5,10.7,12.2,23,290,4,5,223.5,202.5,66.5,87.5,1,250-299,test,Random Forest (Tuned),283.778,-6.222,6.222,0.021455,250-299,0,15
25587,2022,FORD,MUSTANG,SUBCOMPACT,5.0,>4.0L,8,Automatic with Select Shift,10,Regular Gasoline,15.2,9.7,12.7,22,298,4,3,242.0,211.0,56.0,87.0,1,250-299,test,Random Forest (Tuned),304.298,6.298,6.298,0.021134,300-349,0,14
26867,2023,NISSAN,GT-R,SUBCOMPACT,3.8,3.1-4.0L,6,Automated Manual,6,Premium Gasoline,14.4,10.9,12.8,22,300,4,3,242.0,213.0,58.0,87.0,1,300-349,test,Random Forest (Tuned),300.106,0.106,0.106,0.000353,300-349,0,13
26450,2023,FORD,BRONCO RAPTOR 4WD,SUV - STANDARD,3.0,2.1-3.0L,6,Automatic with Select Shift,10,Regular Gasoline,15.7,14.8,15.3,18,358,2,5,302.0,271.5,56.0,86.5,1,350+,test,Random Forest (Tuned),272.596,-85.404,85.404,0.238559,250-299,1,12
26064,2022,PORSCHE,MACAN S,SUV - SMALL,2.9,2.1-3.0L,6,Automated Manual,7,Premium Gasoline,13.8,10.1,12.2,23,289,4,5,223.5,202.5,65.5,86.5,1,250-299,test,Random Forest (Tuned),283.778,-5.222,5.222,0.018069,250-299,0,16
25286,2022,AUDI,RS 6 AVANT QUATTRO,STATION WAGON - MID-SIZE,4.0,3.1-4.0L,8,Automatic with Select Shift,8,Premium Gasoline,16.1,10.7,13.7,21,319,3,3,253.5,232.75,65.5,86.25,1,300-349,test,Random Forest (Tuned),319.452,0.452,0.452,0.001417,300-349,0,3
26500,2023,FORD,F-150 RAPTOR 37 4X4,PICKUP TRUCK - STANDARD,3.5,3.1-4.0L,6,Automatic with Select Shift,10,Regular Gasoline,16.0,14.4,15.3,18,359,2,6,291.0,273.0,68.0,86.0,1,350+,test,Random Forest (Tuned),304.186,-54.814,54.814,0.152685,300-349,1,7
25871,2022,MASERATI,QUATTROPORTE GT,FULL-SIZE,3.0,2.1-3.0L,6,Automatic,8,Premium Gasoline,14.4,9.3,12.1,23,281,4,3,276.0,195.0,5.0,86.0,1,250-299,test,Random Forest (Tuned),291.49,10.49,10.49,0.037331,250-299,0,28
25872,2022,MASERATI,QUATTROPORTE MODENA,FULL-SIZE,3.0,2.1-3.0L,6,Automatic,8,Premium Gasoline,14.4,9.3,12.1,23,281,4,3,276.0,195.0,5.0,86.0,1,250-299,test,Random Forest (Tuned),291.49,10.49,10.49,0.037331,250-299,0,28
25251,2022,ALFA ROMEO,GIULIA QUADRIFOGLIO,MID-SIZE,2.9,2.1-3.0L,6,Automatic,8,Premium Gasoline,13.5,9.3,11.6,24,271,4,3,215.0,185.0,56.0,86.0,1,250-299,test,Random Forest (Tuned),271.395,0.395,0.395,0.001458,250-299,0,26
25338,2022,BMW,M550I XDRIVE SEDAN,MID-SIZE,4.4,>4.0L,8,Automatic with Select Shift,8,Premium Gasoline,13.5,9.3,11.6,24,271,4,3,215.0,185.0,56.0,86.0,1,250-299,test,Random Forest (Tuned),307.764,36.764,36.764,0.135661,300-349,1,26
25862,2022,MASERATI,GHIBLI GT,MID-SIZE,3.0,2.1-3.0L,6,Automatic,8,Premium Gasoline,13.4,9.4,11.6,24,271,4,3,215.0,185.0,56.0,86.0,1,250-299,test,Random Forest (Tuned),282.599,11.599,11.599,0.042801,250-299,0,26
25863,2022,MASERATI,GHIBLI MODENA,MID-SIZE,3.0,2.1-3.0L,6,Automatic,8,Premium Gasoline,13.4,9.4,11.6,24,271,4,3,215.0,185.0,56.0,86.0,1,250-299,test,Random Forest (Tuned),282.599,11.599,11.599,0.042801,250-299,0,26
25526,2022,FORD,BRONCO RAPTOR 4WD,SUV - STANDARD,3.0,2.1-3.0L,6,Automatic with Select Shift,10,Regular Gasoline,15.7,14.8,15.3,18,358,2,6,309.0,272.0,49.0,86.0,1,350+,test,Random Forest (Tuned),272.596,-85.404,85.404,0.238559,250-299,1,16
26519,2023,FORD,MUSTANG,SUBCOMPACT,5.0,>4.0L,8,Automatic with Select Shift,10,Regular Gasoline,15.2,9.7,12.7,22,299,4,5,242.0,213.0,57.0,86.0,1,250-299,test,Random Forest (Tuned),304.298,5.298,5.298,0.017719,300-349,0,14
25456,2022,CHEVROLET,SILVERADO 4WD MUD TERRAIN TIRE,PICKUP TRUCK - STANDARD,5.3,>4.0L,8,Automatic,10,Regular Gasoline,16.6,14.0,15.4,18,361,2,6,306.0,275.0,55.0,86.0,1,350+,test,Random Forest (Tuned),309.764,-51.236,51.236,0.141928,300-349,1,11
26748,2023,MASERATI,GHIBLI MODENA,MID-SIZE,3.0,2.1-3.0L,6,Automatic,8,Premium Gasoline,13.4,9.4,11.6,24,271,4,3,217.0,185.0,54.0,86.0,1,250-299,test,Random Forest (Tuned),282.599,11.599,11.599,0.042801,250-299,0,25
26747,2023,MASERATI,GHIBLI GT,MID-SIZE,3.0,2.1-3.0L,6,Automatic,8,Premium Gasoline,13.4,9.4,11.6,24,271,4,3,217.0,185.0,54.0,86.0,1,250-299,test,Random Forest (Tuned),282.599,11.599,11.599,0.042801,250-299,0,25
26212,2023,ALFA ROMEO,GIULIA QUADRIFOGLIO,MID-SIZE,2.9,2.1-3.0L,6,Automatic,8,Premium Gasoline,13.5,9.3,11.6,24,271,4,3,217.0,185.0,54.0,86.0,1,250-299,test,Random Forest (Tuned),271.395,0.395,0.395,0.001458,250-299,0,25
25254,2022,ALFA ROMEO,STELVIO AWD QUADRIFOGLIO,SUV - SMALL,2.9,2.1-3.0L,6,Automatic,8,Premium Gasoline,13.9,10.3,12.3,23,288,4,3,223.5,202.5,64.5,85.5,1,250-299,test,Random Forest (Tuned),285.984,-2.016,2.016,0.007,250-299,0,17
25419,2022,CHEVROLET,CAMARO SS,SUBCOMPACT,6.2,>4.0L,8,Manual,6,Premium Gasoline,14.9,9.9,12.6,22,296,4,1,242.0,211.0,54.0,85.0,1,250-299,test,Random Forest (Tuned),323.061,27.061,27.061,0.091422,300-349,1,15
25331,2022,BMW,M4 COMPETITION COUPE M XDRIVE,SUBCOMPACT,3.0,2.1-3.0L,6,Automatic with Select Shift,8,Premium Gasoline,14.6,10.5,12.7,22,296,4,5,242.0,211.0,54.0,85.0,1,250-299,test,Random Forest (Tuned),223.611,-72.389,72.389,0.244557,200-249,1,15
25839,2022,LEXUS,LS 500 AWD,MID-SIZE,3.4,3.1-4.0L,6,Automatic with Select Shift,10,Premium Gasoline,13.8,8.7,11.2,25,270,4,5,215.0,185.0,55.0,85.0,1,250-299,test,Random Forest (Tuned),259.461,-10.539,10.539,0.039033,250-299,0,30
26663,2023,JEEP,WRANGLER JL UNLIMITED 4X4,SUV - SMALL,3.6,3.1-4.0L,6,Manual,6,Regular Gasoline,13.8,10.1,12.2,23,285,4,5,227.0,200.0,58.0,85.0,1,250-299,test,Random Forest (Tuned),281.123,-3.877,3.877,0.013604,250-299,0,17
25648,2022,GMC,SIERRA 4WD MUD TERRAIN TIRE,PICKUP TRUCK - STANDARD,5.3,>4.0L,8,Automatic,10,Regular Gasoline,16.6,14.0,15.4,18,360,2,6,306.0,275.0,54.0,85.0,1,350+,test,Random Forest (Tuned),310.049,-49.951,49.951,0.138753,300-349,1,12
25916,2022,MERCEDES-BENZ,AMG GLC 43 4MATIC COUPE,SUV - SMALL,3.0,2.1-3.0L,6,Automatic,9,Premium Gasoline,14.0,10.1,12.3,23,287,4,5,223.5,202.5,63.5,84.5,1,250-299,test,Random Forest (Tuned),273.735,-13.265,13.265,0.04622,250-299,0,18
26499,2023,FORD,F-150 RAPTOR 4X4 (WITHOUT STOP-START),PICKUP TRUCK - STANDARD,3.5,3.1-4.0L,6,Automatic with Select Shift,10,Regular Gasoline,16.8,13.2,15.2,19,357,2,6,291.0,273.0,66.0,84.0,1,350+,test,Random Forest (Tuned),304.186,-52.814,52.814,0.147938,300-349,1,8
25317,2022,BMW,750I XDRIVE SEDAN,FULL-SIZE,4.4,>4.0L,8,Automatic with Select Shift,8,Premium Gasoline,13.9,9.6,12.0,24,279,4,3,276.0,195.0,3.0,84.0,1,250-299,test,Random Forest (Tuned),281.612,2.612,2.612,0.009362,250-299,0,30
25318,2022,BMW,750LI XDRIVE SEDAN,FULL-SIZE,4.4,>4.0L,8,Automatic with Select Shift,8,Premium Gasoline,13.9,9.6,12.0,24,279,4,3,276.0,195.0,3.0,84.0,1,250-299,test,Random Forest (Tuned),281.612,2.612,2.612,0.009362,250-299,0,30
25319,2022,BMW,ALPINA B7,FULL-SIZE,4.4,>4.0L,8,Automatic with Select Shift,8,Premium Gasoline,13.9,9.6,12.0,24,279,4,3,276.0,195.0,3.0,84.0,1,250-299,test,Random Forest (Tuned),281.612,2.612,2.612,0.009362,250-299,0,30
25451,2022,CHEVROLET,SILVERADO 4WD MUD TERRAIN TIRE,PICKUP TRUCK - STANDARD,5.3,>4.0L,8,Automatic,8,Regular Gasoline,16.9,13.3,15.3,18,359,2,6,306.0,275.0,53.0,84.0,1,350+,test,Random Forest (Tuned),309.19,-49.81,49.81,0.138747,300-349,1,13
26370,2023,CHEVROLET,CAMARO SS,SUBCOMPACT,6.2,>4.0L,8,Manual,6,Premium Gasoline,14.9,9.9,12.6,22,297,4,1,242.0,213.0,55.0,84.0,1,250-299,test,Random Forest (Tuned),323.061,26.061,26.061,0.087747,300-349,0,15
25573,2022,FORD,F-150 RAPTOR 37 4X4,PICKUP TRUCK - STANDARD,3.5,3.1-4.0L,6,Automatic with Select Shift,10,Regular Gasoline,16.0,14.4,15.3,18,359,2,6,306.0,275.0,53.0,84.0,1,350+,test,Random Forest (Tuned),304.186,-54.814,54.814,0.152685,300-349,1,13
25643,2022,GMC,SIERRA 4WD MUD TERRAIN TIRE,PICKUP TRUCK - STANDARD,5.3,>4.0L,8,Automatic,8,Regular Gasoline,16.9,13.3,15.3,18,359,2,6,306.0,275.0,53.0,84.0,1,350+,test,Random Forest (Tuned),321.811,-37.189,37.189,0.103591,300-349,1,13
26209,2023,ACURA,TLX TYPE S,COMPACT,3.0,2.1-3.0L,6,Automatic with Select Shift,10,Premium Gasoline,12.3,9.4,11.0,26,256,5,5,205.0,172.5,51.0,83.5,1,250-299,test,Random Forest (Tuned),255.134,-0.866,0.866,0.003383,250-299,0,8
26625,2023,INFINITI,QX80 4WD,SUV - STANDARD,5.6,>4.0L,8,Automatic with Select Shift,7,Premium Gasoline,17.5,12.2,15.1,19,355,3,3,302.0,271.5,53.0,83.5,1,350+,test,Random Forest (Tuned),357.45,2.45,2.45,0.006901,350+,0,13
26172,2022,VOLKSWAGEN,ATLAS 4MOTION,SUV - SMALL,3.6,3.1-4.0L,6,Automatic with Select Shift,8,Regular Gasoline,13.8,10.2,12.2,23,286,4,5,223.5,202.5,62.5,83.5,1,250-299,test,Random Forest (Tuned),288.073,2.073,2.073,0.007248,250-299,0,19
25836,2022,LEXUS,LC 500,SUBCOMPACT,5.0,>4.0L,8,Automatic with Select Shift,10,Premium Gasoline,15.1,9.6,12.6,22,294,4,5,242.0,211.0,52.0,83.0,1,250-299,test,Random Forest (Tuned),293.672,-0.328,0.328,0.001116,250-299,0,17
25285,2022,AUDI,RS 5 SPORTBACK QUATTRO,MID-SIZE,2.9,2.1-3.0L,6,Automatic with Select Shift,8,Premium Gasoline,13.1,9.4,11.4,25,268,4,5,215.0,185.0,53.0,83.0,1,250-299,test,Random Forest (Tuned),258.692,-9.308,9.308,0.034731,250-299,0,31
25732,2022,INFINITI,QX80 4WD,SUV - STANDARD,5.6,>4.0L,8,Automatic with Select Shift,7,Premium Gasoline,17.5,12.2,15.1,19,355,3,3,309.0,272.0,46.0,83.0,1,350+,test,Random Forest (Tuned),357.45,2.45,2.45,0.006901,350+,0,17
26293,2023,BMW,M4 COMPETITION M XDRIVE COUPE,SUBCOMPACT,3.0,2.1-3.0L,6,Automatic with Select Shift,8,Premium Gasoline,14.6,10.5,12.7,22,296,4,5,242.0,213.0,54.0,83.0,1,250-299,test,Random Forest (Tuned),223.611,-72.389,72.389,0.244557,200-249,1,16
25641,2022,GMC,SIERRA 4WD MUD TERRAIN TIRE FFV,PICKUP TRUCK - STANDARD,5.3,>4.0L,8,Automatic,6,E85,23.1,19.6,21.5,13,358,2,3,306.0,275.0,52.0,83.0,1,350+,test,Random Forest (Tuned),320.814,-37.186,37.186,0.103872,300-349,1,16
26443,2023,FORD,BRONCO 4WD,SUV - SMALL,2.7,2.1-3.0L,6,Automatic with Select Shift,10,Regular Gasoline,12.5,11.5,12.0,24,283,4,5,227.0,200.0,56.0,83.0,1,250-299,test,Random Forest (Tuned),305.711,22.711,22.711,0.080251,300-349,0,18
25449,2022,CHEVROLET,SILVERADO 4WD MUD TERRAIN TIRE FFV,PICKUP TRUCK - STANDARD,5.3,>4.0L,8,Automatic,6,E85,23.1,19.6,21.5,13,358,2,3,306.0,275.0,52.0,83.0,1,350+,test,Random Forest (Tuned),322.34,-35.66,35.66,0.099609,300-349,1,16
25248,2022,ACURA,TLX TYPE S (PERFORMANCE TIRE),COMPACT,3.0,2.1-3.0L,6,Automatic with Select Shift,10,Premium Gasoline,12.3,9.8,11.2,25,261,4,5,201.0,178.25,60.0,82.75,1,250-299,test,Random Forest (Tuned),255.134,-5.866,5.866,0.022475,250-299,0,8
26801,2023,MERCEDES-BENZ,AMG GLS 63 4MATIC+ SUV,SUV - STANDARD,4.0,3.1-4.0L,8,Automatic,9,Premium Gasoline,16.6,13.2,15.1,19,354,3,5,302.0,271.5,52.0,82.5,1,350+,test,Random Forest (Tuned),340.909,-13.091,13.091,0.03698,300-349,0,14
25774,2022,JEEP,WRANGLER JL UNLIMITED 4X4,SUV - SMALL,3.6,3.1-4.0L,6,Manual,6,Regular Gasoline,13.8,10.1,12.2,23,285,4,5,223.5,202.5,61.5,82.5,1,250-299,test,Random Forest (Tuned),281.123,-3.877,3.877,0.013604,250-299,0,20
25329,2022,BMW,M4 COUPE,SUBCOMPACT,3.0,2.1-3.0L,6,Manual,6,Premium Gasoline,14.7,10.1,12.6,22,293,4,5,242.0,211.0,51.0,82.0,1,250-299,test,Random Forest (Tuned),270.873,-22.127,22.127,0.075519,250-299,0,18
25661,2022,GMC,YUKON 4WD (NO STOP-START),SUV - STANDARD,5.3,>4.0L,8,Automatic,10,Regular Gasoline,17.0,12.7,15.1,19,354,3,6,309.0,272.0,45.0,82.0,1,350+,test,Random Forest (Tuned),322.644,-31.356,31.356,0.088576,300-349,1,18
25669,2022,GMC,YUKON XL 4WD (NO STOP-START),SUV - STANDARD,5.3,>4.0L,8,Automatic,10,Regular Gasoline,17.0,12.7,15.1,19,354,3,6,309.0,272.0,45.0,82.0,1,350+,test,Random Forest (Tuned),322.644,-31.356,31.356,0.088576,300-349,1,18
25821,2022,LAND ROVER,RANGE ROVER SVAUTOBIOGRAPHY,SUV - STANDARD,5.0,>4.0L,8,Automatic with Select Shift,8,Premium Gasoline,17.1,12.6,15.1,19,354,3,3,309.0,272.0,45.0,82.0,1,350+,test,Random Forest (Tuned),324.872,-29.128,29.128,0.082282,300-349,1,18
25934,2022,MERCEDES-BENZ,G 550 SUV,SUV - STANDARD,4.0,3.1-4.0L,8,Automatic,9,Premium Gasoline,16.3,13.7,15.1,19,354,3,3,309.0,272.0,45.0,82.0,1,350+,test,Random Forest (Tuned),340.909,-13.091,13.091,0.03698,300-349,0,18
25472,2022,CHEVROLET,SUBURBAN 4WD (NO STOP-START),SUV - STANDARD,5.3,>4.0L,8,Automatic,10,Regular Gasoline,17.0,12.7,15.1,19,354,3,6,309.0,272.0,45.0,82.0,1,350+,test,Random Forest (Tuned),322.438,-31.562,31.562,0.089158,300-349,1,18
25480,2022,CHEVROLET,TAHOE 4WD (NO STOP-START),SUV - STANDARD,5.3,>4.0L,8,Automatic,10,Regular Gasoline,17.0,12.7,15.1,19,354,3,6,309.0,272.0,45.0,82.0,1,350+,test,Random Forest (Tuned),322.438,-31.562,31.562,0.089158,300-349,1,18
26042,2022,PORSCHE,911 GT3,MINICOMPACT,4.0,3.1-4.0L,6,Manual,6,Premium Gasoline,17.0,13.1,15.2,19,355,3,3,278.0,273.0,77.0,82.0,1,350+,test,Random Forest (Tuned),309.553,-45.447,45.447,0.12802,300-349,1,2
25572,2022,FORD,F-150 RAPTOR 4X4 (WITHOUT STOP-START),PICKUP TRUCK - STANDARD,3.5,3.1-4.0L,6,Automatic with Select Shift,10,Regular Gasoline,16.8,13.2,15.2,19,357,2,6,306.0,275.0,51.0,82.0,1,350+,test,Random Forest (Tuned),304.186,-52.814,52.814,0.147938,300-349,1,18
26248,2023,AUDI,RS 5 SPORTBACK QUATTRO,MID-SIZE,2.9,2.1-3.0L,6,Automatic with Select Shift,8,Premium Gasoline,13.2,9.3,11.5,25,267,4,5,217.0,185.0,50.0,82.0,1,250-299,test,Random Forest (Tuned),258.692,-8.308,8.308,0.031116,250-299,0,28
25330,2022,BMW,M4 COMPETITION COUPE,SUBCOMPACT,3.0,2.1-3.0L,6,Automatic with Select Shift,8,Premium Gasoline,14.5,10.2,12.6,22,292,4,5,242.0,211.0,50.0,81.0,1,250-299,test,Random Forest (Tuned),223.611,-68.389,68.389,0.234209,200-249,1,19
26070,2022,PORSCHE,PANAMERA 4S,FULL-SIZE,2.9,2.1-3.0L,6,Automated Manual,8,Premium Gasoline,12.8,9.8,11.4,25,276,4,5,276.0,195.0,0.0,81.0,0,250-299,test,Random Forest (Tuned),281.345,5.345,5.345,0.019366,250-299,0,33
25402,2022,CADILLAC,ESCALADE 4WD (NO STOP-START),SUV - STANDARD,6.2,>4.0L,8,Automatic,10,Premium Gasoline,17.0,12.7,15.1,19,353,3,6,309.0,272.0,44.0,81.0,1,350+,test,Random Forest (Tuned),351.822,-1.178,1.178,0.003337,350+,0,24
25474,2022,CHEVROLET,SUBURBAN 4WD (NO STOP-START),SUV - STANDARD,6.2,>4.0L,8,Automatic,10,Premium Gasoline,17.0,12.7,15.1,19,353,3,6,309.0,272.0,44.0,81.0,1,350+,test,Random Forest (Tuned),351.939,-1.061,1.061,0.003006,350+,0,24
25482,2022,CHEVROLET,TAHOE 4WD (NO STOP-START),SUV - STANDARD,6.2,>4.0L,8,Automatic,10,Premium Gasoline,17.0,12.7,15.1,19,353,3,6,309.0,272.0,44.0,81.0,1,350+,test,Random Forest (Tuned),351.939,-1.061,1.061,0.003006,350+,0,24
25663,2022,GMC,YUKON 4WD (NO STOP-START),SUV - STANDARD,6.2,>4.0L,8,Automatic,10,Premium Gasoline,17.0,12.7,15.1,19,353,3,6,309.0,272.0,44.0,81.0,1,350+,test,Random Forest (Tuned),351.846,-1.154,1.154,0.003269,350+,0,24
25671,2022,GMC,YUKON XL 4WD (NO STOP-START),SUV - STANDARD,6.2,>4.0L,8,Automatic,10,Premium Gasoline,17.0,12.7,15.1,19,353,3,6,309.0,272.0,44.0,81.0,1,350+,test,Random Forest (Tuned),351.846,-1.154,1.154,0.003269,350+,0,24
26044,2022,PORSCHE,911 GT3 TOURING,MINICOMPACT,4.0,3.1-4.0L,6,Manual,6,Premium Gasoline,16.9,13.1,15.2,19,354,3,3,278.0,273.0,76.0,81.0,1,350+,test,Random Forest (Tuned),309.553,-44.447,44.447,0.125556,300-349,1,3
26285,2023,BMW,M2 COUPE,SUBCOMPACT,3.0,2.1-3.0L,6,Automatic with Select Shift,8,Premium Gasoline,14.6,10.3,12.7,22,294,4,5,242.0,213.0,52.0,81.0,1,250-299,test,Random Forest (Tuned),223.611,-70.389,70.389,0.239418,200-249,1,17
26724,2023,LEXUS,LC 500,SUBCOMPACT,5.0,>4.0L,8,Automatic with Select Shift,10,Premium Gasoline,15.1,9.6,12.6,22,294,4,5,242.0,213.0,52.0,81.0,1,250-299,test,Random Forest (Tuned),293.672,-0.328,0.328,0.001116,250-299,0,17
26722,2023,LEXUS,IS 350 AWD,COMPACT,3.5,3.1-4.0L,6,Automatic with Select Shift,6,Premium Gasoline,12.2,9.0,10.8,26,253,5,5,205.0,172.5,48.0,80.5,1,250-299,test,Random Forest (Tuned),253.1,0.1,0.1,0.000395,250-299,0,9
26721,2023,LEXUS,IS 300 AWD,COMPACT,3.5,3.1-4.0L,6,Automatic with Select Shift,6,Premium Gasoline,12.2,9.0,10.8,26,253,5,5,205.0,172.5,48.0,80.5,1,250-299,test,Random Forest (Tuned),253.1,0.1,0.1,0.000395,250-299,0,9
26574,2023,GMC,YUKON XL 4WD,SUV - STANDARD,6.2,>4.0L,8,Automatic,10,Premium Gasoline,16.6,13.1,15.0,19,352,3,6,302.0,271.5,50.0,80.5,1,350+,test,Random Forest (Tuned),351.846,-0.154,0.154,0.000438,350+,0,15
26569,2023,GMC,YUKON 4WD,SUV - STANDARD,6.2,>4.0L,8,Automatic,10,Premium Gasoline,16.6,13.1,15.0,19,352,3,6,302.0,271.5,50.0,80.5,1,350+,test,Random Forest (Tuned),351.846,-0.154,0.154,0.000438,350+,0,15
26406,2023,CHEVROLET,TAHOE 4WD,SUV - STANDARD,6.2,>4.0L,8,Automatic,10,Premium Gasoline,16.6,13.1,15.0,19,352,3,6,302.0,271.5,50.0,80.5,1,350+,test,Random Forest (Tuned),351.939,-0.061,0.061,0.000173,350+,0,15
26401,2023,CHEVROLET,SUBURBAN 4WD,SUV - STANDARD,6.2,>4.0L,8,Automatic,10,Premium Gasoline,16.6,13.1,15.0,19,352,3,6,302.0,271.5,50.0,80.5,1,350+,test,Random Forest (Tuned),351.939,-0.061,0.061,0.000173,350+,0,15
26353,2023,CADILLAC,ESCALADE 4WD,SUV - STANDARD,6.2,>4.0L,8,Automatic,10,Premium Gasoline,16.6,13.1,15.0,19,352,3,6,302.0,271.5,50.0,80.5,1,350+,test,Random Forest (Tuned),351.822,-0.178,0.178,0.000506,350+,0,15
26650,2023,JEEP,GRAND WAGONEER L 4X4 (HIGH OUTPUT),SUV - STANDARD,3.0,2.1-3.0L,6,Automatic,8,Premium Gasoline,17.0,12.5,15.0,19,352,3,5,302.0,271.5,50.0,80.5,1,350+,test,Random Forest (Tuned),270.256,-81.744,81.744,0.232227,250-299,1,15
26292,2023,BMW,M4 COUPE,SUBCOMPACT,3.0,2.1-3.0L,6,Manual,6,Premium Gasoline,14.7,10.1,12.6,22,293,4,5,242.0,213.0,51.0,80.0,1,250-299,test,Random Forest (Tuned),270.873,-22.127,22.127,0.075519,250-299,0,19
26349,2023,CADILLAC,CT5-V AWD,MID-SIZE,3.0,2.1-3.0L,6,Automatic with Select Shift,10,Premium Gasoline,13.1,9.1,11.3,25,265,4,5,217.0,185.0,48.0,80.0,1,250-299,test,Random Forest (Tuned),256.28,-8.72,8.72,0.032906,250-299,0,29
26347,2023,CADILLAC,CT5 AWD,MID-SIZE,3.0,2.1-3.0L,6,Automatic with Select Shift,10,Premium Gasoline,13.1,9.1,11.3,25,265,4,5,217.0,185.0,48.0,80.0,1,250-299,test,Random Forest (Tuned),256.28,-8.72,8.72,0.032906,250-299,0,29
25922,2022,MERCEDES-BENZ,AMG GT 53 4MATIC+ COUPE,COMPACT,3.0,2.1-3.0L,6,Automatic,9,Premium Gasoline,12.3,9.4,11.0,26,258,4,6,201.0,178.25,57.0,79.75,1,250-299,test,Random Forest (Tuned),246.029,-11.971,11.971,0.046399,200-249,0,9
26066,2022,PORSCHE,PANAMERA,FULL-SIZE,2.9,2.1-3.0L,6,Automated Manual,8,Premium Gasoline,13.1,9.8,11.6,24,274,4,5,276.0,195.0,-2.0,79.0,0,250-299,test,Random Forest (Tuned),281.345,7.345,7.345,0.026807,250-299,0,34
26067,2022,PORSCHE,PANAMERA 4,FULL-SIZE,2.9,2.1-3.0L,6,Automated Manual,8,Premium Gasoline,12.8,9.8,11.5,25,274,4,5,276.0,195.0,-2.0,79.0,0,250-299,test,Random Forest (Tuned),281.345,7.345,7.345,0.026807,250-299,0,34
26069,2022,PORSCHE,PANAMERA 4 ST,FULL-SIZE,2.9,2.1-3.0L,6,Automated Manual,8,Premium Gasoline,12.8,10.2,11.7,24,274,4,5,276.0,195.0,-2.0,79.0,0,250-299,test,Random Forest (Tuned),281.345,7.345,7.345,0.026807,250-299,0,34
26970,2023,VOLKSWAGEN,ATLAS 4MOTION,SUV - SMALL,3.6,3.1-4.0L,6,Automatic with Select Shift,8,Regular Gasoline,13.4,10.1,11.9,24,279,4,5,227.0,200.0,52.0,79.0,1,250-299,test,Random Forest (Tuned),288.073,9.073,9.073,0.03252,250-299,0,19
26699,2023,LAND ROVER,DEFENDER 110 5.0L V8,SUV - STANDARD,5.0,>4.0L,8,Automatic with Select Shift,8,Premium Gasoline,16.4,12.7,14.7,19,350,3,3,302.0,271.5,48.0,78.5,1,350+,test,Random Forest (Tuned),324.872,-25.128,25.128,0.071794,300-349,0,21
25814,2022,LAND ROVER,DEFENDER 110 5.0L V8,SUV - STANDARD,5.0,>4.0L,8,Automatic with Select Shift,8,Premium Gasoline,16.4,12.7,14.7,19,350,3,3,309.0,272.0,41.0,78.0,1,350+,test,Random Forest (Tuned),324.872,-25.128,25.128,0.071794,300-349,0,29
26348,2023,CADILLAC,CT5-V,MID-SIZE,3.0,2.1-3.0L,6,Automatic with Select Shift,10,Premium Gasoline,13.1,8.8,11.2,25,263,4,5,217.0,185.0,46.0,78.0,1,250-299,test,Random Forest (Tuned),256.28,-6.72,6.72,0.025551,250-299,0,31
25247,2022,ACURA,TLX TYPE S,COMPACT,3.0,2.1-3.0L,6,Automatic with Select Shift,10,Premium Gasoline,12.3,9.4,11.0,26,256,5,5,201.0,178.25,55.0,77.75,1,250-299,test,Random Forest (Tuned),255.134,-0.866,0.866,0.003383,250-299,0,10
26251,2023,AUDI,RS Q8 QUATTRO,SUV - STANDARD,4.0,3.1-4.0L,8,Automatic with Select Shift,8,Premium Gasoline,17.5,11.9,15.0,19,349,3,3,302.0,271.5,47.0,77.5,1,300-349,test,Random Forest (Tuned),335.797,-13.203,13.203,0.037831,300-349,0,22
26757,2023,MASERATI,LEVANTE TROFEO,SUV - STANDARD,3.8,3.1-4.0L,8,Automatic,8,Premium Gasoline,17.4,12.0,15.0,19,349,3,1,302.0,271.5,47.0,77.5,1,300-349,test,Random Forest (Tuned),348.553,-0.447,0.447,0.001281,300-349,0,22
26756,2023,MASERATI,LEVANTE MODENA V8,SUV - STANDARD,3.8,3.1-4.0L,8,Automatic,8,Premium Gasoline,17.4,12.0,15.0,19,349,3,1,302.0,271.5,47.0,77.5,1,300-349,test,Random Forest (Tuned),348.553,-0.447,0.447,0.001281,300-349,0,22
25282,2022,AUDI,R8 SPYDER PERFORMANCE,TWO-SEATER,5.2,>4.0L,10,Automated Manual,7,Premium Gasoline,16.7,10.3,13.8,20,322,3,1,284.0,245.0,38.0,77.0,1,300-349,test,Random Forest (Tuned),341.432,19.432,19.432,0.060348,300-349,0,14
25280,2022,AUDI,R8 COUPE PERFORMANCE,TWO-SEATER,5.2,>4.0L,10,Automated Manual,7,Premium Gasoline,16.7,10.3,13.8,20,322,3,1,284.0,245.0,38.0,77.0,1,300-349,test,Random Forest (Tuned),341.432,19.432,19.432,0.060348,300-349,0,14
26118,2022,SUBARU,WRX AWD,MID-SIZE,2.4,2.1-3.0L,4,Continuously Variable,8,Premium Gasoline,12.7,9.4,11.2,25,262,4,3,215.0,185.0,47.0,77.0,1,250-299,test,Random Forest (Tuned),202.579,-59.421,59.421,0.226798,200-249,1,32
25868,2022,MASERATI,LEVANTE MODENA V8,SUV - STANDARD,3.8,3.1-4.0L,8,Automatic,8,Premium Gasoline,17.4,12.0,15.0,19,349,3,1,309.0,272.0,40.0,77.0,1,300-349,test,Random Forest (Tuned),348.553,-0.447,0.447,0.001281,300-349,0,30
25869,2022,MASERATI,LEVANTE TROFEO,SUV - STANDARD,3.8,3.1-4.0L,8,Automatic,8,Premium Gasoline,17.4,12.0,15.0,19,349,3,1,309.0,272.0,40.0,77.0,1,300-349,test,Random Forest (Tuned),348.553,-0.447,0.447,0.001281,300-349,0,30
26657,2023,JEEP,WRANGLER JL 4X4,SUV - SMALL,3.6,3.1-4.0L,6,Manual,6,Regular Gasoline,13.7,9.6,11.8,24,277,4,5,227.0,200.0,50.0,77.0,1,250-299,test,Random Forest (Tuned),281.123,4.123,4.123,0.014884,250-299,0,20
25462,2022,CHEVROLET,SILVERADO 4WD MUD TERRAIN TIRE,PICKUP TRUCK - STANDARD,6.2,>4.0L,8,Automatic,10,Premium Gasoline,16.5,13.2,15.0,19,352,3,6,306.0,275.0,46.0,77.0,1,350+,test,Random Forest (Tuned),328.557,-23.443,23.443,0.066599,300-349,0,19
25461,2022,CHEVROLET,SILVERADO 4WD CUSTOM TRAIL BOSS,PICKUP TRUCK - STANDARD,6.2,>4.0L,8,Automatic,10,Premium Gasoline,16.5,13.2,15.0,19,352,3,6,306.0,275.0,46.0,77.0,1,350+,test,Random Forest (Tuned),328.557,-23.443,23.443,0.066599,300-349,0,19
25652,2022,GMC,SIERRA 4WD MUD TERRAIN TIRE,PICKUP TRUCK - STANDARD,6.2,>4.0L,8,Automatic,10,Premium Gasoline,16.5,13.2,15.0,19,352,3,6,306.0,275.0,46.0,77.0,1,350+,test,Random Forest (Tuned),332.593,-19.407,19.407,0.055134,300-349,0,19
26921,2023,SUBARU,WRX AWD,MID-SIZE,2.4,2.1-3.0L,4,Continuously Variable,8,Premium Gasoline,12.7,9.4,11.2,25,262,4,3,217.0,185.0,45.0,77.0,1,250-299,test,Random Forest (Tuned),202.579,-59.421,59.421,0.226798,200-249,1,32
26621,2023,INFINITI,Q50 AWD RED SPORT,MID-SIZE,3.0,2.1-3.0L,6,Automatic with Select Shift,7,Premium Gasoline,12.5,9.3,11.1,25,261,4,3,217.0,185.0,44.0,76.0,1,250-299,test,Random Forest (Tuned),257.365,-3.635,3.635,0.013927,250-299,0,33
26395,2023,CHEVROLET,SILVERADO 4WD MUD TERRAIN TIRE,PICKUP TRUCK - STANDARD,6.2,>4.0L,8,Automatic,10,Premium Gasoline,16.7,12.7,14.9,19,349,3,6,291.0,273.0,58.0,76.0,1,300-349,test,Random Forest (Tuned),328.557,-20.443,20.443,0.058576,300-349,0,9
25913,2022,MERCEDES-BENZ,AMG GLA 45 4MATIC SUV,STATION WAGON - SMALL,2.0,<=2.0L,4,Automated Manual,8,Premium Gasoline,12.3,9.6,11.1,25,260,4,3,200.0,184.0,60.0,76.0,1,250-299,test,Random Forest (Tuned),220.658,-39.342,39.342,0.151315,200-249,1,1
25306,2022,BENTLEY,CONTINENTAL GT,SUBCOMPACT,4.0,3.1-4.0L,8,Automated Manual,8,Premium Gasoline,14.9,9.0,12.2,23,287,4,3,242.0,211.0,45.0,76.0,1,250-299,test,Random Forest (Tuned),296.234,9.234,9.234,0.032174,250-299,0,20
26417,2023,CHRYSLER,PACIFICA AWD,MINIVAN,3.6,3.1-4.0L,6,Automatic,9,Regular Gasoline,14.1,9.4,12.0,24,279,4,7,249.0,203.0,30.0,76.0,1,250-299,test,Random Forest (Tuned),258.14,-20.86,20.86,0.074767,250-299,0,1
25726,2022,INFINITI,Q50 AWD RED SPORT,MID-SIZE,3.0,2.1-3.0L,6,Automatic with Select Shift,7,Premium Gasoline,12.5,9.3,11.1,25,261,4,3,215.0,185.0,46.0,76.0,1,250-299,test,Random Forest (Tuned),257.365,-3.635,3.635,0.013927,250-299,0,33
25495,2022,CHRYSLER,PACIFICA AWD,MINIVAN,3.6,3.1-4.0L,6,Automatic,9,Regular Gasoline,14.1,9.4,12.0,24,279,4,5,249.0,203.0,30.0,76.0,1,250-299,test,Random Forest (Tuned),258.14,-20.86,20.86,0.074767,250-299,0,1
26800,2023,MERCEDES-BENZ,AMG GLE 63 S 4MATIC+ COUPE,SUV - STANDARD,4.0,3.1-4.0L,8,Automatic,9,Premium Gasoline,16.5,12.8,14.8,19,347,3,5,302.0,271.5,45.0,75.5,1,300-349,test,Random Forest (Tuned),340.909,-6.091,6.091,0.017553,300-349,0,25
26973,2023,VOLKSWAGEN,ATLAS CROSS SPORT 4MOTION,SUV - SMALL,3.6,3.1-4.0L,6,Automatic with Select Shift,8,Regular Gasoline,13.1,10.0,11.7,24,275,4,5,227.0,200.0,48.0,75.0,1,250-299,test,Random Forest (Tuned),288.073,13.073,13.073,0.047538,250-299,0,21
25397,2022,CADILLAC,CT5-V AWD,MID-SIZE,3.0,2.1-3.0L,6,Automatic with Select Shift,10,Premium Gasoline,12.8,9.1,11.1,25,260,4,5,215.0,185.0,45.0,75.0,1,250-299,test,Random Forest (Tuned),256.28,-3.72,3.72,0.014308,250-299,0,34
25395,2022,CADILLAC,CT5 AWD,MID-SIZE,3.0,2.1-3.0L,6,Automatic with Select Shift,10,Premium Gasoline,12.8,9.1,11.1,25,260,4,5,215.0,185.0,45.0,75.0,1,250-299,test,Random Forest (Tuned),256.28,-3.72,3.72,0.014308,250-299,0,34
26540,2023,GENESIS,GV70 AWD,SUV - SMALL,3.5,3.1-4.0L,6,Automatic with Select Shift,8,Premium Gasoline,12.9,10.0,11.6,24,275,4,5,227.0,200.0,48.0,75.0,1,250-299,test,Random Forest (Tuned),260.019,-14.981,14.981,0.054476,250-299,0,21
26661,2023,JEEP,WRANGLER JL UNLIMITED 4X4,SUV - SMALL,3.6,3.1-4.0L,6,Automatic,8,Regular Gasoline,12.9,10.2,11.7,24,275,4,7,227.0,200.0,48.0,75.0,1,250-299,test,Random Forest (Tuned),268.244,-6.756,6.756,0.024567,250-299,0,21
26660,2023,JEEP,WRANGLER JL UNLIMITED 4X4 RUBICON ECODIESEL,SUV - SMALL,3.0,2.1-3.0L,6,Automatic,8,Diesel,11.2,9.0,10.2,28,275,4,1,227.0,200.0,48.0,75.0,1,250-299,test,Random Forest (Tuned),264.965,-10.035,10.035,0.036491,250-299,0,21
26282,2023,BMW,760I XDRIVE SEDAN,FULL-SIZE,4.4,>4.0L,8,Automatic with Select Shift,8,Premium Gasoline,13.0,9.1,11.3,25,261,4,5,247.0,186.0,14.0,75.0,1,250-299,test,Random Forest (Tuned),281.612,20.612,20.612,0.078973,250-299,0,21
25834,2022,LEXUS,IS 350 AWD,COMPACT,3.5,3.1-4.0L,6,Automatic with Select Shift,6,Premium Gasoline,12.2,9.0,10.8,26,253,5,5,201.0,178.25,52.0,74.75,1,250-299,test,Random Forest (Tuned),253.1,0.1,0.1,0.000395,250-299,0,11
25833,2022,LEXUS,IS 300 AWD,COMPACT,3.5,3.1-4.0L,6,Automatic with Select Shift,6,Premium Gasoline,12.2,9.0,10.8,26,253,5,5,201.0,178.25,52.0,74.75,1,250-299,test,Random Forest (Tuned),253.1,0.1,0.1,0.000395,250-299,0,11
26822,2023,MERCEDES-BENZ,GLS 600 4MATIC MAYBACH SUV,SUV - STANDARD,4.0,3.1-4.0L,8,Automatic,9,Premium Gasoline,16.8,12.4,14.8,19,346,3,5,302.0,271.5,44.0,74.5,1,300-349,test,Random Forest (Tuned),340.909,-5.091,5.091,0.014714,300-349,0,26
25768,2022,JEEP,WRANGLER JL 4X4,SUV - SMALL,3.6,3.1-4.0L,6,Manual,6,Regular Gasoline,13.7,9.6,11.8,24,277,4,5,223.5,202.5,53.5,74.5,1,250-299,test,Random Forest (Tuned),281.123,4.123,4.123,0.014884,250-299,0,21
25519,2022,FORD,BRONCO 4WD,SUV - SMALL,2.3,2.1-3.0L,4,Manual,7,Regular Gasoline,12.1,11.4,11.8,24,277,4,5,223.5,202.5,53.5,74.5,1,250-299,test,Random Forest (Tuned),299.72,22.72,22.72,0.082022,250-299,0,21
26222,2023,ASTON MARTIN,V12 VANTAGE,TWO-SEATER,5.2,>4.0L,12,Automatic,8,Premium Gasoline,17.2,10.8,14.3,20,337,3,3,299.0,262.5,38.0,74.5,1,300-349,test,Random Forest (Tuned),325.985,-11.015,11.015,0.032685,300-349,0,12
25920,2022,MERCEDES-BENZ,AMG GLE 63 S 4MATIC+ COUPE,SUV - STANDARD,4.0,3.1-4.0L,8,Automatic,9,Premium Gasoline,16.4,12.8,14.8,19,346,3,5,309.0,272.0,37.0,74.0,1,300-349,test,Random Forest (Tuned),340.909,-5.091,5.091,0.014714,300-349,0,32
26655,2023,JEEP,WRANGLER JL 4X4,SUV - SMALL,3.6,3.1-4.0L,6,Automatic,8,Regular Gasoline,12.8,10.4,11.8,24,274,4,7,227.0,200.0,47.0,74.0,1,250-299,test,Random Forest (Tuned),268.244,-5.756,5.756,0.021007,250-299,0,25
26796,2023,MERCEDES-BENZ,AMG GLC 43 4MATIC COUPE,SUV - SMALL,3.0,2.1-3.0L,6,Automatic,9,Premium Gasoline,13.5,9.7,11.8,24,274,4,5,227.0,200.0,47.0,74.0,1,250-299,test,Random Forest (Tuned),273.735,-0.265,0.265,0.000967,250-299,0,25
25848,2022,LEXUS,RC F,SUBCOMPACT,5.0,>4.0L,8,Automatic with Select Shift,8,Premium Gasoline,14.4,9.6,12.2,23,285,4,5,242.0,211.0,43.0,74.0,1,250-299,test,Random Forest (Tuned),287.98,2.98,2.98,0.010456,250-299,0,21
26286,2023,BMW,M2 COUPE,SUBCOMPACT,3.0,2.1-3.0L,6,Manual,6,Premium Gasoline,14.3,10.0,12.4,23,287,4,5,242.0,213.0,45.0,74.0,1,250-299,test,Random Forest (Tuned),270.873,-16.127,16.127,0.056192,250-299,0,20
26692,2023,LAMBORGHINI,URUS PERFORMANTE,SUV - STANDARD,4.0,3.1-4.0L,8,Automatic with Select Shift,8,Premium Gasoline,16.6,12.5,14.8,19,345,3,3,302.0,271.5,43.0,73.5,1,300-349,test,Random Forest (Tuned),380.995,35.995,35.995,0.104333,350+,1,27
26693,2023,LAMBORGHINI,URUS S,SUV - STANDARD,4.0,3.1-4.0L,8,Automatic with Select Shift,8,Premium Gasoline,16.6,12.5,14.8,19,345,3,3,302.0,271.5,43.0,73.5,1,300-349,test,Random Forest (Tuned),380.995,35.995,35.995,0.104333,350+,1,27
25481,2022,CHEVROLET,TAHOE 4WD,SUV - STANDARD,6.2,>4.0L,8,Automatic,10,Premium Gasoline,16.3,12.7,14.7,19,345,3,6,309.0,272.0,36.0,73.0,1,300-349,test,Random Forest (Tuned),351.939,6.939,6.939,0.020113,350+,0,33
26062,2022,PORSCHE,CAYENNE TURBO GT,SUV - STANDARD,4.0,3.1-4.0L,8,Automatic with Select Shift,8,Premium Gasoline,16.8,12.4,14.8,19,345,3,3,309.0,272.0,36.0,73.0,1,300-349,test,Random Forest (Tuned),329.594,-15.406,15.406,0.044655,300-349,0,33
25473,2022,CHEVROLET,SUBURBAN 4WD,SUV - STANDARD,6.2,>4.0L,8,Automatic,10,Premium Gasoline,16.3,12.7,14.7,19,345,3,6,309.0,272.0,36.0,73.0,1,300-349,test,Random Forest (Tuned),351.939,6.939,6.939,0.020113,350+,0,33
25401,2022,CADILLAC,ESCALADE 4WD,SUV - STANDARD,6.2,>4.0L,8,Automatic,10,Premium Gasoline,16.3,12.7,14.7,19,345,3,6,309.0,272.0,36.0,73.0,1,300-349,test,Random Forest (Tuned),351.822,6.822,6.822,0.019774,350+,0,33
25501,2022,DODGE,CHALLENGER AWD,MID-SIZE,3.6,3.1-4.0L,6,Automatic,8,Regular Gasoline,12.8,8.7,11.0,26,258,4,5,215.0,185.0,43.0,73.0,1,250-299,test,Random Forest (Tuned),250.38,-7.62,7.62,0.029535,250-299,0,36
25396,2022,CADILLAC,CT5-V,MID-SIZE,3.0,2.1-3.0L,6,Automatic with Select Shift,10,Premium Gasoline,12.8,8.7,11.0,26,258,4,5,215.0,185.0,43.0,73.0,1,250-299,test,Random Forest (Tuned),256.28,-1.72,1.72,0.006667,250-299,0,36
26441,2023,FORD,BRONCO 4WD,SUV - SMALL,2.3,2.1-3.0L,4,Automatic with Select Shift,10,Regular Gasoline,12.1,11.1,11.6,24,273,4,5,227.0,200.0,46.0,73.0,1,250-299,test,Random Forest (Tuned),297.455,24.455,24.455,0.089579,250-299,0,27
26423,2023,DODGE,CHALLENGER AWD,MID-SIZE,3.6,3.1-4.0L,6,Automatic,8,Regular Gasoline,12.8,8.7,11.0,26,258,4,5,217.0,185.0,41.0,73.0,1,250-299,test,Random Forest (Tuned),250.38,-7.62,7.62,0.029535,250-299,0,34
26557,2023,GMC,SIERRA 4WD MUD TERRAIN TIRE,PICKUP TRUCK - STANDARD,5.3,>4.0L,8,Automatic,10,Regular Gasoline,16.0,13.2,14.8,19,346,3,6,291.0,273.0,55.0,73.0,1,300-349,test,Random Forest (Tuned),310.049,-35.951,35.951,0.103905,300-349,1,10
25670,2022,GMC,YUKON XL 4WD,SUV - STANDARD,6.2,>4.0L,8,Automatic,10,Premium Gasoline,16.3,12.7,14.7,19,345,3,6,309.0,272.0,36.0,73.0,1,300-349,test,Random Forest (Tuned),351.846,6.846,6.846,0.019843,350+,0,33
25662,2022,GMC,YUKON 4WD,SUV - STANDARD,6.2,>4.0L,8,Automatic,10,Premium Gasoline,16.3,12.7,14.7,19,345,3,6,309.0,272.0,36.0,73.0,1,300-349,test,Random Forest (Tuned),351.846,6.846,6.846,0.019843,350+,0,33
26174,2022,VOLKSWAGEN,ATLAS CROSS SPORT 4MOTION,SUV - SMALL,3.6,3.1-4.0L,6,Automatic with Select Shift,8,Regular Gasoline,13.1,10.0,11.7,24,275,4,5,223.5,202.5,51.5,72.5,1,250-299,test,Random Forest (Tuned),288.073,13.073,13.073,0.047538,250-299,0,23
25772,2022,JEEP,WRANGLER JL UNLIMITED 4X4,SUV - SMALL,3.6,3.1-4.0L,6,Automatic,8,Regular Gasoline,12.9,10.2,11.7,24,275,4,7,223.5,202.5,51.5,72.5,1,250-299,test,Random Forest (Tuned),268.244,-6.756,6.756,0.024567,250-299,0,23
25771,2022,JEEP,WRANGLER JL UNLIMITED 4X4 RUBICON ECODIESEL,SUV - SMALL,3.0,2.1-3.0L,6,Automatic,8,Diesel,11.2,9.0,10.2,28,275,4,1,223.5,202.5,51.5,72.5,1,250-299,test,Random Forest (Tuned),264.965,-10.035,10.035,0.036491,250-299,0,23
25615,2022,GENESIS,GV70 AWD,SUV - SMALL,3.5,3.1-4.0L,6,Automatic with Select Shift,8,Premium Gasoline,12.9,10.0,11.6,24,275,4,5,223.5,202.5,51.5,72.5,1,250-299,test,Random Forest (Tuned),260.019,-14.981,14.981,0.054476,250-299,0,23
25518,2022,FORD,BRONCO 4WD,SUV - SMALL,2.3,2.1-3.0L,4,Automatic with Select Shift,10,Regular Gasoline,12.1,11.2,11.7,24,275,4,5,223.5,202.5,51.5,72.5,1,250-299,test,Random Forest (Tuned),297.455,22.455,22.455,0.081655,250-299,0,23
26442,2023,FORD,BRONCO 4WD,SUV - SMALL,2.3,2.1-3.0L,4,Manual,7,Regular Gasoline,11.9,11.2,11.6,24,272,4,5,227.0,200.0,45.0,72.0,1,250-299,test,Random Forest (Tuned),299.72,27.72,27.72,0.101912,250-299,1,28
25446,2022,CHEVROLET,SILVERADO 4WD FFV,PICKUP TRUCK - STANDARD,5.3,>4.0L,8,Automatic,6,Regular Gasoline,16.5,12.8,14.8,19,347,3,3,306.0,275.0,41.0,72.0,1,300-349,test,Random Forest (Tuned),343.173,-3.827,3.827,0.011029,300-349,0,22
25453,2022,CHEVROLET,SILVERADO 4WD (NO DFM),PICKUP TRUCK - STANDARD,5.3,>4.0L,8,Automatic,10,Regular Gasoline,16.8,12.4,14.8,19,347,3,6,306.0,275.0,41.0,72.0,1,300-349,test,Random Forest (Tuned),309.764,-37.236,37.236,0.107308,300-349,1,22
25638,2022,GMC,SIERRA 4WD FFV,PICKUP TRUCK - STANDARD,5.3,>4.0L,8,Automatic,6,Regular Gasoline,16.5,12.8,14.8,19,347,3,3,306.0,275.0,41.0,72.0,1,300-349,test,Random Forest (Tuned),339.746,-7.254,7.254,0.020905,300-349,0,22
25645,2022,GMC,SIERRA 4WD (NO DFM),PICKUP TRUCK - STANDARD,5.3,>4.0L,8,Automatic,10,Regular Gasoline,16.8,12.4,14.8,19,347,3,6,306.0,275.0,41.0,72.0,1,300-349,test,Random Forest (Tuned),310.049,-36.951,36.951,0.106487,300-349,1,22
26433,2023,DODGE,CHARGER AWD,FULL-SIZE,3.6,3.1-4.0L,6,Automatic,8,Regular Gasoline,12.8,8.7,11.0,26,258,4,5,247.0,186.0,11.0,72.0,1,250-299,test,Random Forest (Tuned),250.276,-7.724,7.724,0.029938,250-299,0,22
26413,2023,CHRYSLER,300 AWD,FULL-SIZE,3.6,3.1-4.0L,6,Automatic,8,Regular Gasoline,12.8,8.7,11.0,26,258,4,5,247.0,186.0,11.0,72.0,1,250-299,test,Random Forest (Tuned),250.46,-7.54,7.54,0.029225,250-299,0,22
26734,2023,LEXUS,RC F,SUBCOMPACT,5.0,>4.0L,8,Automatic with Select Shift,8,Premium Gasoline,14.4,9.6,12.2,23,285,4,5,242.0,213.0,43.0,72.0,1,250-299,test,Random Forest (Tuned),287.98,2.98,2.98,0.010456,250-299,0,21
26341,2023,CADILLAC,CT4-V AWD,COMPACT,2.7,2.1-3.0L,4,Automatic with Select Shift,10,Premium Gasoline,12.0,8.4,10.4,27,244,5,6,205.0,172.5,39.0,71.5,1,200-249,test,Random Forest (Tuned),231.827,-12.173,12.173,0.049889,200-249,0,11
25766,2022,JEEP,WRANGLER JL 4X4,SUV - SMALL,3.6,3.1-4.0L,6,Automatic,8,Regular Gasoline,12.8,10.4,11.8,24,274,4,7,223.5,202.5,50.5,71.5,1,250-299,test,Random Forest (Tuned),268.244,-5.756,5.756,0.021007,250-299,0,28
26799,2023,MERCEDES-BENZ,AMG GLE 63 S 4MATIC+ SUV,SUV - STANDARD,4.0,3.1-4.0L,8,Automatic,9,Premium Gasoline,16.3,12.6,14.7,19,343,3,5,302.0,271.5,41.0,71.5,1,300-349,test,Random Forest (Tuned),340.909,-2.091,2.091,0.006096,300-349,0,29
26219,2023,ASTON MARTIN,DBX V8,SUV - STANDARD,4.0,3.1-4.0L,8,Automatic,9,Premium Gasoline,16.8,11.9,14.6,19,343,3,5,302.0,271.5,41.0,71.5,1,300-349,test,Random Forest (Tuned),348.406,5.406,5.406,0.015761,300-349,0,29
26702,2023,LAND ROVER,DISCOVERY SPORT P250,SUV - SMALL,2.0,<=2.0L,4,Automatic with Select Shift,9,Premium Gasoline,12.7,10.0,11.5,25,271,4,7,227.0,200.0,44.0,71.0,1,250-299,test,Random Forest (Tuned),257.971,-13.029,13.029,0.048077,250-299,0,29
26498,2023,FORD,F-150 RAPTOR 4X4,PICKUP TRUCK - STANDARD,3.5,3.1-4.0L,6,Automatic with Select Shift,10,Regular Gasoline,15.8,13.2,14.6,19,344,3,6,291.0,273.0,53.0,71.0,1,300-349,test,Random Forest (Tuned),304.186,-39.814,39.814,0.115738,300-349,1,11
26304,2023,BMW,M850I XDRIVE COUPE,SUBCOMPACT,4.4,>4.0L,8,Automatic with Select Shift,8,Premium Gasoline,14.1,9.9,12.2,23,284,4,3,242.0,213.0,42.0,71.0,1,250-299,test,Random Forest (Tuned),307.452,23.452,23.452,0.082577,300-349,0,22
26303,2023,BMW,M850I XDRIVE CABRIOLET,SUBCOMPACT,4.4,>4.0L,8,Automatic with Select Shift,8,Premium Gasoline,14.1,9.9,12.2,23,284,4,3,242.0,213.0,42.0,71.0,1,250-299,test,Random Forest (Tuned),307.452,23.452,23.452,0.082577,300-349,0,22
26060,2022,PORSCHE,CAYENNE TURBO,SUV - STANDARD,4.0,3.1-4.0L,8,Automatic with Select Shift,8,Premium Gasoline,16.8,12.4,14.8,19,343,3,3,309.0,272.0,34.0,71.0,1,300-349,test,Random Forest (Tuned),329.594,-13.406,13.406,0.039085,300-349,0,39
25258,2022,ASTON MARTIN,DBX V8,SUV - STANDARD,4.0,3.1-4.0L,8,Automatic,9,Premium Gasoline,16.8,11.9,14.6,19,343,3,5,309.0,272.0,34.0,71.0,1,300-349,test,Random Forest (Tuned),348.406,5.406,5.406,0.015761,300-349,0,39
25417,2022,CHEVROLET,CAMARO,SUBCOMPACT,3.6,3.1-4.0L,6,Manual,6,Regular Gasoline,14.4,9.1,12.0,24,281,4,6,242.0,211.0,39.0,70.0,1,250-299,test,Random Forest (Tuned),280.448,-0.552,0.552,0.001964,250-299,0,22
25418,2022,CHEVROLET,CAMARO SS,SUBCOMPACT,6.2,>4.0L,8,Automatic with Select Shift,10,Premium Gasoline,14.6,8.9,12.0,24,281,4,1,242.0,211.0,39.0,70.0,1,250-299,test,Random Forest (Tuned),316.726,35.726,35.726,0.127139,300-349,1,22
26391,2023,CHEVROLET,SILVERADO 4WD MUD TERRAIN TIRE,PICKUP TRUCK - STANDARD,5.3,>4.0L,8,Automatic,10,Regular Gasoline,15.8,13.2,14.6,19,343,3,6,291.0,273.0,52.0,70.0,1,300-349,test,Random Forest (Tuned),309.764,-33.236,33.236,0.096898,300-349,1,12
25651,2022,GMC,SIERRA 4WD (NO STOP-START),PICKUP TRUCK - STANDARD,6.2,>4.0L,8,Automatic,10,Premium Gasoline,16.6,12.3,14.7,19,345,3,6,306.0,275.0,39.0,70.0,1,300-349,test,Random Forest (Tuned),332.593,-12.407,12.407,0.035962,300-349,0,26
25460,2022,CHEVROLET,SILVERADO 4WD (NO STOP-START),PICKUP TRUCK - STANDARD,6.2,>4.0L,8,Automatic,10,Premium Gasoline,16.6,12.3,14.7,19,345,3,6,306.0,275.0,39.0,70.0,1,300-349,test,Random Forest (Tuned),328.557,-16.443,16.443,0.047661,300-349,0,26
25721,2022,HYUNDAI,VELOSTER N,COMPACT,2.0,<=2.0L,4,Automated Manual,8,Premium Gasoline,12.0,8.6,10.5,27,248,5,3,201.0,178.25,47.0,69.75,1,200-249,test,Random Forest (Tuned),239.078,-8.922,8.922,0.035976,200-249,0,13
25295,2022,AUDI,S7 SPORTBACK QUATTRO,MID-SIZE,2.9,2.1-3.0L,6,Automatic with Select Shift,8,Premium Gasoline,12.8,8.5,10.9,26,254,5,5,215.0,185.0,39.0,69.0,1,250-299,test,Random Forest (Tuned),258.692,4.692,4.692,0.018472,250-299,0,38
25294,2022,AUDI,S6 SEDAN QUATTRO,MID-SIZE,2.9,2.1-3.0L,6,Automatic with Select Shift,8,Premium Gasoline,12.8,8.5,10.9,26,254,5,5,215.0,185.0,39.0,69.0,1,250-299,test,Random Forest (Tuned),258.692,4.692,4.692,0.018472,250-299,0,38
26119,2022,SUBARU,WRX AWD,MID-SIZE,2.4,2.1-3.0L,4,Manual,6,Premium Gasoline,12.3,9.0,10.8,26,254,5,3,215.0,185.0,39.0,69.0,1,250-299,test,Random Forest (Tuned),252.632,-1.368,1.368,0.005386,250-299,0,38
25725,2022,INFINITI,Q50 AWD,MID-SIZE,3.0,2.1-3.0L,6,Automatic with Select Shift,7,Premium Gasoline,12.5,8.7,10.8,26,254,5,3,215.0,185.0,39.0,69.0,1,250-299,test,Random Forest (Tuned),257.365,3.365,3.365,0.013248,250-299,0,38
26687,2023,KIA,TELLURIDE AWD,SUV - SMALL,3.8,3.1-4.0L,6,Automatic with Select Shift,8,Regular Gasoline,12.8,9.8,11.4,25,269,4,5,227.0,200.0,42.0,69.0,1,250-299,test,Random Forest (Tuned),268.185,-0.815,0.815,0.00303,250-299,0,30
26361,2023,CADILLAC,XT6 AWD,SUV - SMALL,3.6,3.1-4.0L,6,Automatic with Select Shift,9,Regular Gasoline,13.1,9.5,11.5,25,269,4,6,227.0,200.0,42.0,69.0,1,250-299,test,Random Forest (Tuned),265.975,-3.025,3.025,0.011245,250-299,0,30
26258,2023,AUDI,S7 QUATTRO,MID-SIZE,2.9,2.1-3.0L,6,Automatic with Select Shift,8,Premium Gasoline,12.3,9.0,10.8,26,254,5,5,217.0,185.0,37.0,69.0,1,250-299,test,Random Forest (Tuned),258.692,4.692,4.692,0.018472,250-299,0,35
26257,2023,AUDI,S6 QUATTRO,MID-SIZE,2.9,2.1-3.0L,6,Automatic with Select Shift,8,Premium Gasoline,12.3,9.0,10.8,26,254,5,5,217.0,185.0,37.0,69.0,1,250-299,test,Random Forest (Tuned),258.692,4.692,4.692,0.018472,250-299,0,35
26922,2023,SUBARU,WRX AWD,MID-SIZE,2.4,2.1-3.0L,4,Manual,6,Premium Gasoline,12.3,9.0,10.8,26,254,5,3,217.0,185.0,37.0,69.0,1,250-299,test,Random Forest (Tuned),252.632,-1.368,1.368,0.005386,250-299,0,35
26620,2023,INFINITI,Q50 AWD,MID-SIZE,3.0,2.1-3.0L,6,Automatic with Select Shift,7,Premium Gasoline,12.5,8.7,10.8,26,254,5,3,217.0,185.0,37.0,69.0,1,250-299,test,Random Forest (Tuned),257.365,3.365,3.365,0.013248,250-299,0,35
25571,2022,FORD,F-150 RAPTOR 4X4,PICKUP TRUCK - STANDARD,3.5,3.1-4.0L,6,Automatic with Select Shift,10,Regular Gasoline,15.8,13.2,14.6,19,344,3,6,306.0,275.0,38.0,69.0,1,300-349,test,Random Forest (Tuned),304.186,-39.814,39.814,0.115738,300-349,1,28
25919,2022,MERCEDES-BENZ,AMG GLE 63 S 4MATIC+ SUV,SUV - STANDARD,4.0,3.1-4.0L,8,Automatic,9,Premium Gasoline,16.2,12.6,14.6,19,341,3,5,309.0,272.0,32.0,69.0,1,300-349,test,Random Forest (Tuned),340.909,-0.091,0.091,0.000267,300-349,0,41
26794,2023,MERCEDES-BENZ,AMG GLA 45 4MATIC SUV,STATION WAGON - SMALL,2.0,<=2.0L,4,Automated Manual,8,Premium Gasoline,12.2,9.3,10.9,26,256,5,3,199.5,187.25,56.5,68.75,1,250-299,test,Random Forest (Tuned),220.658,-35.342,35.342,0.138055,200-249,1,1
26788,2023,MERCEDES-BENZ,AMG CLA 45 4MATIC COUPE,COMPACT,2.0,<=2.0L,4,Automated Manual,8,Premium Gasoline,12.0,8.3,10.3,27,241,5,3,205.0,172.5,36.0,68.5,1,200-249,test,Random Forest (Tuned),235.931,-5.069,5.069,0.021033,200-249,0,12
26789,2023,MERCEDES-BENZ,AMG CLS 53 4MATIC+ COUPE,COMPACT,3.0,2.1-3.0L,6,Automatic,9,Premium Gasoline,11.6,8.8,10.3,27,241,5,6,205.0,172.5,36.0,68.5,1,200-249,test,Random Forest (Tuned),246.029,5.029,5.029,0.020867,200-249,0,12
26216,2023,ASTON MARTIN,DB11 V8,MINICOMPACT,4.0,3.1-4.0L,8,Automatic,8,Premium Gasoline,13.0,9.8,11.5,25,271,4,5,247.0,202.5,24.0,68.5,1,250-299,test,Random Forest (Tuned),274.351,3.351,3.351,0.012365,250-299,0,6
26753,2023,MASERATI,GRECALE TROFEO,SUV - SMALL,3.0,2.1-3.0L,6,Automatic,8,Premium Gasoline,13.3,9.5,11.6,24,268,4,5,227.0,200.0,41.0,68.0,1,250-299,test,Random Forest (Tuned),286.564,18.564,18.564,0.069269,250-299,0,32
25346,2022,BMW,M850I XDRIVE CABRIOLET,SUBCOMPACT,4.4,>4.0L,8,Automatic with Select Shift,8,Premium Gasoline,13.9,9.6,12.0,24,279,4,3,242.0,211.0,37.0,68.0,1,250-299,test,Random Forest (Tuned),307.452,28.452,28.452,0.101978,300-349,1,24
26368,2023,CHEVROLET,CAMARO,SUBCOMPACT,3.6,3.1-4.0L,6,Manual,6,Regular Gasoline,14.4,9.1,12.0,24,281,4,6,242.0,213.0,39.0,68.0,1,250-299,test,Random Forest (Tuned),280.448,-0.552,0.552,0.001964,250-299,0,24
26369,2023,CHEVROLET,CAMARO SS,SUBCOMPACT,6.2,>4.0L,8,Automatic with Select Shift,10,Premium Gasoline,14.6,8.9,12.0,24,281,4,1,242.0,213.0,39.0,68.0,1,250-299,test,Random Forest (Tuned),316.726,35.726,35.726,0.127139,300-349,1,24
25429,2022,CHEVROLET,COLORADO ZR2 4WD,PICKUP TRUCK - SMALL,3.6,3.1-4.0L,6,Automatic,8,Regular Gasoline,15.0,13.0,14.1,20,329,3,6,270.0,261.5,59.0,67.5,1,300-349,test,Random Forest (Tuned),293.207,-35.793,35.793,0.108793,250-299,1,1
26696,2023,LAND ROVER,DEFENDER 90 5.0L V8,SUV - STANDARD,5.0,>4.0L,8,Automatic with Select Shift,8,Premium Gasoline,15.8,12.4,14.3,20,339,3,3,302.0,271.5,37.0,67.5,1,300-349,test,Random Forest (Tuned),324.872,-14.128,14.128,0.041676,300-349,0,31
26400,2023,CHEVROLET,SUBURBAN 4WD,SUV - STANDARD,5.3,>4.0L,8,Automatic,10,Regular Gasoline,16.0,12.7,14.5,19,339,3,6,302.0,271.5,37.0,67.5,1,300-349,test,Random Forest (Tuned),322.438,-16.562,16.562,0.048855,300-349,0,31
26573,2023,GMC,YUKON XL 4WD,SUV - STANDARD,5.3,>4.0L,8,Automatic,10,Regular Gasoline,16.0,12.7,14.5,19,339,3,6,302.0,271.5,37.0,67.5,1,300-349,test,Random Forest (Tuned),322.644,-16.356,16.356,0.048248,300-349,0,31
25393,2022,CADILLAC,CT5,MID-SIZE,3.0,2.1-3.0L,6,Automatic with Select Shift,10,Premium Gasoline,12.4,8.7,10.7,26,252,5,5,215.0,185.0,37.0,67.0,1,250-299,test,Random Forest (Tuned),256.28,4.28,4.28,0.016984,250-299,0,42
26345,2023,CADILLAC,CT5,MID-SIZE,3.0,2.1-3.0L,6,Automatic with Select Shift,10,Premium Gasoline,12.4,8.7,10.7,26,252,5,5,217.0,185.0,35.0,67.0,1,250-299,test,Random Forest (Tuned),256.28,4.28,4.28,0.016984,250-299,0,39
25811,2022,LAND ROVER,DEFENDER 90 5.0L V8,SUV - STANDARD,5.0,>4.0L,8,Automatic with Select Shift,8,Premium Gasoline,15.8,12.4,14.3,20,339,3,3,309.0,272.0,30.0,67.0,1,300-349,test,Random Forest (Tuned),324.872,-14.128,14.128,0.041676,300-349,0,42
26340,2023,CADILLAC,CT4-V,COMPACT,2.7,2.1-3.0L,4,Automatic with Select Shift,10,Premium Gasoline,11.9,8.2,10.2,28,239,5,6,205.0,172.5,34.0,66.5,1,200-249,test,Random Forest (Tuned),231.827,-7.173,7.173,0.030013,200-249,0,14
25409,2022,CADILLAC,XT6 AWD,SUV - SMALL,3.6,3.1-4.0L,6,Automatic with Select Shift,9,Regular Gasoline,13.1,9.5,11.5,25,269,4,6,223.5,202.5,45.5,66.5,1,250-299,test,Random Forest (Tuned),265.975,-3.025,3.025,0.011245,250-299,0,29
25630,2022,GMC,SIERRA FFV,PICKUP TRUCK - STANDARD,5.3,>4.0L,8,Automatic,6,Regular Gasoline,16.2,12.3,14.5,19,341,3,3,306.0,275.0,35.0,66.0,1,300-349,test,Random Forest (Tuned),339.746,-1.254,1.254,0.003677,300-349,0,29
25437,2022,CHEVROLET,SILVERADO FFV,PICKUP TRUCK - STANDARD,5.3,>4.0L,8,Automatic,6,Regular Gasoline,16.2,12.3,14.5,19,341,3,3,306.0,275.0,35.0,66.0,1,300-349,test,Random Forest (Tuned),343.173,2.173,2.173,0.006372,300-349,0,29
25943,2022,MERCEDES-BENZ,GLS 600 4MATIC MAYBACH SUV,SUV - STANDARD,4.0,3.1-4.0L,8,Automatic,9,Premium Gasoline,16.3,12.2,14.4,20,338,3,5,309.0,272.0,29.0,66.0,1,300-349,test,Random Forest (Tuned),340.909,2.909,2.909,0.008607,300-349,0,43
25923,2022,MERCEDES-BENZ,AMG SL 63 4MATIC+ ROADSTER,MINICOMPACT,4.0,3.1-4.0L,8,Automatic,9,Premium Gasoline,17.1,11.3,14.5,19,339,3,5,278.0,273.0,61.0,66.0,1,300-349,test,Random Forest (Tuned),292.857,-46.143,46.143,0.136115,250-299,1,4
25389,2022,CADILLAC,CT4-V AWD,COMPACT,2.7,2.1-3.0L,4,Automatic with Select Shift,10,Premium Gasoline,12.0,8.4,10.4,27,244,5,6,201.0,178.25,43.0,65.75,1,200-249,test,Random Forest (Tuned),231.827,-12.173,12.173,0.049889,200-249,0,14
25850,2022,LEXUS,RX 350 L AWD,SUV - SMALL,3.5,3.1-4.0L,6,Automatic with Select Shift,8,Regular Gasoline,13.1,9.4,11.1,25,268,4,5,223.5,202.5,44.5,65.5,1,250-299,test,Random Forest (Tuned),259.536,-8.464,8.464,0.031582,250-299,0,30
25747,2022,JEEP,CHEROKEE 4X4 ACTIVE DRIVE LOCK,SUV - SMALL,3.2,3.1-4.0L,6,Automatic,9,Regular Gasoline,12.9,9.7,11.5,25,268,4,5,223.5,202.5,44.5,65.5,1,250-299,test,Random Forest (Tuned),253.643,-14.357,14.357,0.053571,250-299,0,30
26719,2023,LEXUS,GX 460,SUV - STANDARD,4.6,>4.0L,8,Automatic with Select Shift,6,Premium Gasoline,16.2,12.3,14.5,19,337,3,3,302.0,271.5,35.0,65.5,1,300-349,test,Random Forest (Tuned),337.14,0.14,0.14,0.000415,300-349,0,34
26246,2023,AUDI,R8 GT COUPÉ,TWO-SEATER,5.2,>4.0L,10,Automated Manual,7,Premium Gasoline,16.2,11.2,14.0,20,328,3,1,299.0,262.5,29.0,65.5,1,300-349,test,Random Forest (Tuned),341.432,13.432,13.432,0.040951,300-349,0,13
26714,2023,LAND ROVER,RANGE ROVER VELAR P400,SUV - SMALL,3.0,2.1-3.0L,6,Automatic with Select Shift,8,Premium Gasoline,12.6,9.5,11.2,25,265,4,7,227.0,200.0,38.0,65.0,1,250-299,test,Random Forest (Tuned),258.499,-6.501,6.501,0.024532,250-299,0,33
26359,2023,CADILLAC,XT5 AWD,SUV - SMALL,3.6,3.1-4.0L,6,Automatic with Select Shift,9,Regular Gasoline,12.9,9.3,11.3,25,265,4,6,227.0,200.0,38.0,65.0,1,250-299,test,Random Forest (Tuned),265.975,0.975,0.975,0.003679,250-299,0,33
26592,2023,HONDA,PASSPORT AWD,SUV - SMALL,3.5,3.1-4.0L,6,Automatic with Select Shift,9,Regular Gasoline,12.5,9.8,11.3,25,265,4,3,227.0,200.0,38.0,65.0,1,250-299,test,Random Forest (Tuned),260.324,-4.676,4.676,0.017645,250-299,0,33
25831,2022,LEXUS,GX 460,SUV - STANDARD,4.6,>4.0L,8,Automatic with Select Shift,6,Premium Gasoline,16.2,12.3,14.5,19,337,3,3,309.0,272.0,28.0,65.0,1,300-349,test,Random Forest (Tuned),337.14,0.14,0.14,0.000415,300-349,0,44
25905,2022,MERCEDES-BENZ,AMG CLA 45 4MATIC COUPE,COMPACT,2.0,<=2.0L,4,Automated Manual,8,Premium Gasoline,12.0,8.5,10.4,27,243,5,3,201.0,178.25,42.0,64.75,1,200-249,test,Random Forest (Tuned),235.931,-7.069,7.069,0.029091,200-249,0,15
25428,2022,CHEVROLET,COLORADO ZR2 4WD,PICKUP TRUCK - SMALL,2.8,2.1-3.0L,4,Automatic,6,Diesel,13.3,10.6,12.1,23,326,3,3,270.0,261.5,56.0,64.5,1,300-349,test,Random Forest (Tuned),304.703,-21.297,21.297,0.065328,300-349,0,2
26977,2023,VOLKSWAGEN,GOLF R,COMPACT,2.0,<=2.0L,4,Manual,6,Premium Gasoline,11.8,8.3,10.2,28,237,5,5,205.0,172.5,32.0,64.5,1,200-249,test,Random Forest (Tuned),232.223,-4.777,4.777,0.020156,200-249,0,15
26826,2023,MERCEDES-BENZ,METRIS PASSENGER VAN,SPECIAL PURPOSE VEHICLE,2.0,<=2.0L,4,Automatic,9,Premium Gasoline,13.4,10.8,12.3,23,285,4,6,271.0,221.0,14.0,64.0,1,250-299,test,Random Forest (Tuned),272.555,-12.445,12.445,0.043667,250-299,0,1
25455,2022,CHEVROLET,SILVERADO 4WD (NO STOP-START),PICKUP TRUCK - STANDARD,5.3,>4.0L,8,Automatic,10,Regular Gasoline,16.1,12.4,14.4,20,339,3,6,306.0,275.0,33.0,64.0,1,300-349,test,Random Forest (Tuned),309.764,-29.236,29.236,0.086242,300-349,1,31
25471,2022,CHEVROLET,SUBURBAN 4WD,SUV - STANDARD,5.3,>4.0L,8,Automatic,10,Regular Gasoline,15.9,12.4,14.3,20,336,3,6,309.0,272.0,27.0,64.0,1,300-349,test,Random Forest (Tuned),322.438,-13.562,13.562,0.040363,300-349,0,45
25668,2022,GMC,YUKON XL 4WD,SUV - STANDARD,5.3,>4.0L,8,Automatic,10,Regular Gasoline,15.9,12.4,14.3,20,336,3,6,309.0,272.0,27.0,64.0,1,300-349,test,Random Forest (Tuned),322.644,-13.356,13.356,0.03975,300-349,0,45
25826,2022,LAND ROVER,RANGE ROVER SPORT P575 SVR,SUV - STANDARD,5.0,>4.0L,8,Automatic with Select Shift,8,Premium Gasoline,16.2,12.0,14.3,20,336,3,3,309.0,272.0,27.0,64.0,1,300-349,test,Random Forest (Tuned),324.872,-11.128,11.128,0.033119,300-349,0,45
25948,2022,MERCEDES-BENZ,METRIS PASSENGER VAN,SPECIAL PURPOSE VEHICLE,2.0,<=2.0L,4,Automatic,9,Premium Gasoline,13.3,10.6,12.1,23,282,4,6,226.5,218.25,55.5,63.75,1,250-299,test,Random Forest (Tuned),272.555,-9.445,9.445,0.033493,250-299,0,1
26534,2023,GENESIS,G70 AWD,COMPACT,2.0,<=2.0L,4,Automatic with Select Shift,8,Premium Gasoline,11.4,8.2,10.0,28,236,5,3,205.0,172.5,31.0,63.5,1,200-249,test,Random Forest (Tuned),235.45,-0.55,0.55,0.002331,200-249,0,16
25800,2022,KIA,TELLURIDE AWD,SUV - SMALL,3.8,3.1-4.0L,6,Automatic with Select Shift,8,Regular Gasoline,12.7,9.7,11.3,25,266,4,5,223.5,202.5,42.5,63.5,1,250-299,test,Random Forest (Tuned),268.185,2.185,2.185,0.008214,250-299,0,32
25511,2022,DODGE,CHARGER AWD,FULL-SIZE,3.6,3.1-4.0L,6,Automatic,8,Regular Gasoline,12.8,8.7,11.0,26,258,4,5,276.0,195.0,-18.0,63.0,0,250-299,test,Random Forest (Tuned),250.276,-7.724,7.724,0.029938,250-299,0,37
25492,2022,CHRYSLER,300 AWD,FULL-SIZE,3.6,3.1-4.0L,6,Automatic,8,Regular Gasoline,12.8,8.7,11.0,26,258,4,5,276.0,195.0,-18.0,63.0,0,250-299,test,Random Forest (Tuned),250.46,-7.54,7.54,0.029225,250-299,0,37
25647,2022,GMC,SIERRA 4WD (NO STOP-START),PICKUP TRUCK - STANDARD,5.3,>4.0L,8,Automatic,10,Regular Gasoline,16.1,12.4,14.4,20,338,3,6,306.0,275.0,32.0,63.0,1,300-349,test,Random Forest (Tuned),310.049,-27.951,27.951,0.082695,300-349,1,32
26607,2023,HYUNDAI,PALISADE AWD,SUV - SMALL,3.8,3.1-4.0L,6,Automatic with Select Shift,8,Regular Gasoline,12.6,9.5,11.2,25,263,4,5,227.0,200.0,36.0,63.0,1,250-299,test,Random Forest (Tuned),268.658,5.658,5.658,0.021513,250-299,0,36
26203,2023,ACURA,MDX SH-AWD,SUV - SMALL,3.5,3.1-4.0L,6,Automatic with Select Shift,10,Premium Gasoline,12.6,9.4,11.2,25,263,4,5,227.0,200.0,36.0,63.0,1,250-299,test,Random Forest (Tuned),256.17,-6.83,6.83,0.02597,250-299,0,36
25906,2022,MERCEDES-BENZ,AMG CLS 53 4MATIC+ COUPE,COMPACT,3.0,2.1-3.0L,6,Automatic,9,Premium Gasoline,11.6,8.8,10.3,27,241,5,6,201.0,178.25,40.0,62.75,1,200-249,test,Random Forest (Tuned),246.029,5.029,5.029,0.020867,200-249,0,16
25691,2022,HONDA,PASSPORT AWD,SUV - SMALL,3.5,3.1-4.0L,6,Automatic with Select Shift,9,Regular Gasoline,12.5,9.8,11.3,25,265,4,3,223.5,202.5,41.5,62.5,1,250-299,test,Random Forest (Tuned),260.324,-4.676,4.676,0.017645,250-299,0,33
26648,2023,JEEP,GRAND WAGONEER 4X4 (HIGH OUTPUT),SUV - STANDARD,3.0,2.1-3.0L,6,Automatic,8,Premium Gasoline,16.3,11.8,14.3,20,334,3,5,302.0,271.5,32.0,62.5,1,300-349,test,Random Forest (Tuned),270.256,-63.744,63.744,0.19085,250-299,1,35
26458,2023,FORD,EDGE AWD,SUV - SMALL,2.7,2.1-3.0L,6,Automatic with Select Shift,8,Regular Gasoline,12.7,9.3,11.2,25,262,4,6,227.0,200.0,35.0,62.0,1,250-299,test,Random Forest (Tuned),269.598,7.598,7.598,0.029,250-299,0,38
26261,2023,AUDI,SQ5 SPORTBACK QUATTRO,SUV - SMALL,3.0,2.1-3.0L,6,Automatic with Select Shift,8,Premium Gasoline,12.5,9.7,11.2,25,262,4,5,227.0,200.0,35.0,62.0,1,250-299,test,Random Forest (Tuned),272.042,10.042,10.042,0.038328,250-299,0,38
26260,2023,AUDI,SQ5 QUATTRO,SUV - SMALL,3.0,2.1-3.0L,6,Automatic with Select Shift,8,Premium Gasoline,12.5,9.7,11.2,25,262,4,5,227.0,200.0,35.0,62.0,1,250-299,test,Random Forest (Tuned),272.042,10.042,10.042,0.038328,250-299,0,38
25759,2022,JEEP,GRAND WAGONEER 4X4,SUV - STANDARD,3.0,2.1-3.0L,6,Automatic,8,Premium Gasoline,16.3,11.8,14.3,20,334,3,5,309.0,272.0,25.0,62.0,1,300-349,test,Random Forest (Tuned),270.256,-63.744,63.744,0.19085,250-299,1,48
26744,2023,LINCOLN,NAUTILUS AWD,SUV - SMALL,2.7,2.1-3.0L,6,Automatic with Select Shift,8,Regular Gasoline,12.7,9.3,11.2,25,262,4,6,227.0,200.0,35.0,62.0,1,250-299,test,Random Forest (Tuned),261.926,-0.074,0.074,0.000282,250-299,0,38
26662,2023,JEEP,WRANGLER JL UNLIMITED 4X4 ETORQUE,SUV - SMALL,3.6,3.1-4.0L,6,Automatic,8,Regular Gasoline,12.3,9.9,11.2,25,262,4,7,227.0,200.0,35.0,62.0,1,250-299,test,Random Forest (Tuned),268.244,6.244,6.244,0.023832,250-299,0,38
26043,2022,PORSCHE,911 GT3 TOURING,MINICOMPACT,4.0,3.1-4.0L,6,Automated Manual,7,Premium Gasoline,15.7,12.7,14.4,20,335,3,3,278.0,273.0,57.0,62.0,1,300-349,test,Random Forest (Tuned),287.567,-47.433,47.433,0.141591,250-299,1,5
25915,2022,MERCEDES-BENZ,AMG GLC 43 4MATIC SUV,SUV - SMALL,3.0,2.1-3.0L,6,Automatic,9,Premium Gasoline,12.9,9.3,11.3,25,264,4,5,223.5,202.5,40.5,61.5,1,250-299,test,Random Forest (Tuned),273.735,9.735,9.735,0.036875,250-299,0,34
26041,2022,PORSCHE,911 GT3,MINICOMPACT,4.0,3.1-4.0L,6,Automated Manual,7,Premium Gasoline,15.6,12.7,14.3,20,334,3,3,278.0,273.0,56.0,61.0,1,300-349,test,Random Forest (Tuned),287.567,-46.433,46.433,0.139021,250-299,1,6
26233,2023,AUDI,A8 L SEDAN 55 TFSI QUATTRO,FULL-SIZE,3.0,2.1-3.0L,6,Automatic with Select Shift,8,Premium Gasoline,12.5,8.3,10.6,27,247,5,5,247.0,186.0,0.0,61.0,0,200-249,test,Random Forest (Tuned),263.741,16.741,16.741,0.067777,250-299,0,24
25388,2022,CADILLAC,CT4-V,COMPACT,2.7,2.1-3.0L,4,Automatic with Select Shift,10,Premium Gasoline,11.9,8.2,10.2,28,239,5,6,201.0,178.25,38.0,60.75,1,200-249,test,Random Forest (Tuned),231.827,-7.173,7.173,0.030013,200-249,0,17
26063,2022,PORSCHE,MACAN,SUV - SMALL,2.0,<=2.0L,4,Automated Manual,7,Premium Gasoline,12.4,9.3,11.0,26,263,4,5,223.5,202.5,39.5,60.5,1,250-299,test,Random Forest (Tuned),261.819,-1.181,1.181,0.00449,250-299,0,35
25407,2022,CADILLAC,XT5 AWD,SUV - SMALL,3.6,3.1-4.0L,6,Automatic with Select Shift,9,Regular Gasoline,12.9,9.2,11.2,25,263,4,6,223.5,202.5,39.5,60.5,1,250-299,test,Random Forest (Tuned),265.975,2.975,2.975,0.011312,250-299,0,35
25242,2022,ACURA,MDX SH-AWD,SUV - SMALL,3.5,3.1-4.0L,6,Automatic with Select Shift,10,Premium Gasoline,12.6,9.4,11.2,25,263,4,5,223.5,202.5,39.5,60.5,1,250-299,test,Random Forest (Tuned),256.17,-6.83,6.83,0.02597,250-299,0,35
26872,2023,NISSAN,PATHFINDER 4WD ROCK CREEK,SUV - SMALL,3.5,3.1-4.0L,6,Automatic with Select Shift,9,Premium Gasoline,11.9,10.0,11.1,25,260,4,5,227.0,200.0,33.0,60.0,1,250-299,test,Random Forest (Tuned),259.517,-0.483,0.483,0.001858,250-299,0,43
25477,2022,CHEVROLET,TAHOE (NO STOP-START),SUV - STANDARD,5.3,>4.0L,8,Automatic,10,Regular Gasoline,16.0,11.9,14.1,20,332,3,6,309.0,272.0,23.0,60.0,1,300-349,test,Random Forest (Tuned),322.438,-9.562,9.562,0.028801,300-349,0,49
25469,2022,CHEVROLET,SUBURBAN (NO STOP-START),SUV - STANDARD,5.3,>4.0L,8,Automatic,10,Regular Gasoline,16.0,11.9,14.1,20,332,3,6,309.0,272.0,23.0,60.0,1,300-349,test,Random Forest (Tuned),322.438,-9.562,9.562,0.028801,300-349,0,49
26961,2023,TOYOTA,TACOMA 4WD D-CAB TRD OFF-ROAD/PRO,PICKUP TRUCK - SMALL,3.5,3.1-4.0L,6,Manual,6,Regular Gasoline,13.8,11.7,12.9,22,300,4,5,257.0,240.0,43.0,60.0,1,300-349,test,Random Forest (Tuned),299.424,-0.576,0.576,0.00192,250-299,0,1
25347,2022,BMW,M850I XDRIVE COUPE,SUBCOMPACT,4.4,>4.0L,8,Automatic with Select Shift,8,Premium Gasoline,13.5,9.3,11.6,24,271,4,3,242.0,211.0,29.0,60.0,1,250-299,test,Random Forest (Tuned),307.452,36.452,36.452,0.134509,300-349,1,25
25658,2022,GMC,YUKON (NO STOP-START),SUV - STANDARD,5.3,>4.0L,8,Automatic,10,Regular Gasoline,16.0,11.9,14.1,20,332,3,6,309.0,272.0,23.0,60.0,1,300-349,test,Random Forest (Tuned),322.644,-9.356,9.356,0.028181,300-349,0,49
25666,2022,GMC,YUKON XL (NO STOP-START),SUV - STANDARD,5.3,>4.0L,8,Automatic,10,Regular Gasoline,16.0,11.9,14.1,20,332,3,6,309.0,272.0,23.0,60.0,1,300-349,test,Random Forest (Tuned),322.644,-9.356,9.356,0.028181,300-349,0,49
25535,2022,FORD,EDGE AWD,SUV - SMALL,2.7,2.1-3.0L,6,Automatic with Select Shift,8,Regular Gasoline,12.6,9.3,11.2,25,262,4,5,223.5,202.5,38.5,59.5,1,250-299,test,Random Forest (Tuned),269.598,7.598,7.598,0.029,250-299,0,38
25860,2022,LINCOLN,NAUTILUS AWD,SUV - SMALL,2.7,2.1-3.0L,6,Automatic with Select Shift,8,Regular Gasoline,12.6,9.3,11.2,25,262,4,5,223.5,202.5,38.5,59.5,1,250-299,test,Random Forest (Tuned),261.926,-0.074,0.074,0.000282,250-299,0,38
26645,2023,JEEP,GRAND CHEROKEE 4X4,SUV - STANDARD,5.7,>4.0L,8,Automatic,8,Regular Gasoline,16.7,10.9,14.1,20,331,3,5,302.0,271.5,29.0,59.5,1,300-349,test,Random Forest (Tuned),331.573,0.573,0.573,0.001731,300-349,0,36
26647,2023,JEEP,GRAND CHEROKEE L 4X4,SUV - STANDARD,5.7,>4.0L,8,Automatic,8,Regular Gasoline,16.7,10.9,14.1,20,331,3,5,302.0,271.5,29.0,59.5,1,300-349,test,Random Forest (Tuned),331.573,0.573,0.573,0.001731,300-349,0,36
26437,2023,DODGE,DURANGO AWD,SUV - STANDARD,5.7,>4.0L,8,Automatic,8,Regular Gasoline,16.7,10.9,14.1,20,331,3,5,302.0,271.5,29.0,59.5,1,300-349,test,Random Forest (Tuned),334.6,3.6,3.6,0.010876,300-349,0,36
25773,2022,JEEP,WRANGLER JL UNLIMITED 4X4 ETORQUE,SUV - SMALL,3.6,3.1-4.0L,6,Automatic,8,Regular Gasoline,12.3,9.9,11.2,25,262,4,5,223.5,202.5,38.5,59.5,1,250-299,test,Random Forest (Tuned),268.244,6.244,6.244,0.023832,250-299,0,38
25297,2022,AUDI,SQ5 QUATTRO,SUV - SMALL,3.0,2.1-3.0L,6,Automatic with Select Shift,8,Premium Gasoline,12.5,9.7,11.2,25,262,4,5,223.5,202.5,38.5,59.5,1,250-299,test,Random Forest (Tuned),272.042,10.042,10.042,0.038328,250-299,0,38
25298,2022,AUDI,SQ5 SPORTBACK QUATTRO,SUV - SMALL,3.0,2.1-3.0L,6,Automatic with Select Shift,8,Premium Gasoline,12.5,9.7,11.2,25,262,4,5,223.5,202.5,38.5,59.5,1,250-299,test,Random Forest (Tuned),272.042,10.042,10.042,0.038328,250-299,0,38
